time,true_X,true_Y
0.0,0.5,2.0
0.20134228187919462,0.4213109411504072,2.1879662270375726
0.40268456375838924,0.375378549049571,2.3554657206993235
0.6040268456375839,0.3497042878779595,2.5097488638902483
0.8053691275167785,0.3363263975366062,2.6555635722544095
1.006711409395973,0.33038944974931905,2.79581977102221
1.2080536912751678,0.32901370845918243,2.9322145710751886
1.4093959731543624,0.3305198699785733,3.0656932923573117
1.610738255033557,0.3339416768188525,3.196748255771096
1.8120805369127515,0.3387341927397813,3.325598919606984
2.013422818791946,0.34460398533244185,3.452295512547858
2.2147651006711406,0.3514122715122904,3.5767759294338575
2.4161073825503356,0.35912106147295086,3.6988944222870455
2.61744966442953,0.3677649751509785,3.8184326530205444
2.8187919463087248,0.37743926943081735,3.9350984770792055
3.0201342281879193,0.38829936089404243,4.048514427709573
3.221476510067114,0.40057044933113617,4.158195190120789
3.4228187919463084,0.41456863726600934,4.263510525201957
3.624161073825503,0.43073834030826563,4.363626132240566
3.8255033557046976,0.4497162639974381,4.4574079496290455
4.026845637583892,0.47244275407869407,4.543261973334226
4.228187919463087,0.5003644116806127,4.618852186174353
4.429530201342281,0.5358256713193782,4.680572160488202
4.630872483221476,0.5828874562186231,4.722473806941502
4.832214765100671,0.6492190714557632,4.733867324866934
5.033557046979865,0.7510775925652569,4.693199108458206
5.23489932885906,0.9288615602312003,4.549515652936555
5.4362416107382545,1.307032021050969,4.153047859242053
5.6375838926174495,2.320045647489064,2.9933805260507063
5.838926174496644,3.717634407809907,1.1686667570780946
6.040268456375839,3.49645373584605,0.8495088853687209
6.241610738255033,2.9567972767277624,0.9409949032186099
6.442953020134228,2.4676704558008757,1.0865567767374953
6.644295302013423,2.0472451978947444,1.2549001943552334
6.845637583892617,1.687809356226784,1.4406182735881785
7.046979865771812,1.3818045863426056,1.639791320863979
7.248322147651006,1.1244192769634853,1.847003723105401
7.449664429530201,0.9130455707483044,2.0553618156109508
7.651006711409395,0.7456057558807857,2.257880722996001
7.85234899328859,0.6187626071971567,2.449355840393937
8.053691275167784,0.5271519748963919,2.6274849749057756
8.25503355704698,0.46399223198807665,2.792625149985222
8.456375838926174,0.4223622870370709,2.946673963316061
8.657718120805368,0.3962438498462781,3.0919414243100714
8.859060402684563,0.38096528093188164,3.2304697466518006
9.060402684563758,0.37317312865164864,3.363787831605734
9.261744966442953,0.3705865746713975,3.4929143450602274
9.463087248322147,0.371715950031036,3.6184519128255324
9.664429530201343,0.3756263343071543,3.740689069895452
9.865771812080537,0.38176557909728553,3.85967892227471
10.06711409395973,0.3898503278095694,3.975288402154312
10.268456375838925,0.3997975769953805,4.0872201442068405
10.46979865771812,0.4116914572007962,4.195009235364528
10.671140939597315,0.4257798685868448,4.297993754539413
10.872483221476509,0.44250203491210993,4.395252041350423
11.073825503355703,0.46255715939676445,4.485489449977918
11.275167785234899,0.48704050166665935,4.566837716875048
11.476510067114093,0.5177071968739949,4.636487805893325
11.677852348993287,0.5575061673026379,4.689975910849716
11.879194630872483,0.6117478727636554,4.7196738029674545
12.080536912751677,0.6909514029580996,4.711224358403058
12.281879194630871,0.8188705790569568,4.633805558508728
12.483221476510066,1.059841863214168,4.407953550849996
12.684563758389261,1.6312498791388226,3.776248378265116
12.885906040268456,3.065724959391892,2.0859433697869587
13.08724832214765,3.7233039947048505,0.9102910235959306
13.288590604026846,3.2488580563036993,0.87995246594464
13.48993288590604,2.7256360832902526,1.0039933400964611
13.691275167785234,2.268594739183277,1.1607653552215593
13.892617449664428,1.8770338154045574,1.3373505881321939
14.093959731543624,1.5426714903295,1.529687410834871
14.295302013422818,1.2591877986619733,1.7332628938067374
14.496644295302012,1.0229382471103698,1.9418832748645285
14.697986577181208,0.8318031195396607,2.148381978971664
14.899328859060402,0.6833188831453787,2.3463660312855805
15.100671140939596,0.5732369509724651,2.5318888237252297
15.30201342281879,0.4954117482335712,2.7039572289225053
15.503355704697986,0.4428388428085458,2.863783108414539
15.70469798657718,0.40891295373194986,3.0135675440439638
15.906040268456374,0.3882062888566203,3.1555532627657263
16.10738255033557,0.3766673968665152,3.291560446773454
16.308724832214764,0.37146495898911525,3.422877839042234
16.51006711409396,0.3707101873706256,3.550322008934467
16.711409395973153,0.37319048228520674,3.6743415253756506
16.91275167785235,0.3781620856215001,3.79511014083887
17.11409395973154,0.3852058694606464,3.9125921079647363
17.315436241610737,0.3941355336883144,4.026578629588655
17.516778523489933,0.4049461627044555,4.136698199585048
17.718120805369125,0.4177948696421518,4.242401880957205
17.91946308724832,0.4330108728967243,4.3429200992205015
18.120805369127517,0.45113972307386746,4.4371799710575
18.32214765100671,0.47303784406507454,4.523658769202342
18.523489932885905,0.5000559079308702,4.6001215013652885
18.7248322147651,0.5343993859182704,4.663128727741841
18.926174496644293,0.5798815438748302,4.70704532724379
19.12751677852349,0.6436466187535875,4.721845231240884
19.328859060402685,0.7406349542870055,4.687601062772917
19.530201342281877,0.9072237668565016,4.558169237593326
19.731543624161073,1.25240283048039,4.201721269054426
19.932885906040266,2.1588991727736513,3.1686179284295912
20.13422818791946,3.6386517910752367,1.2945970096618737
20.335570469798657,3.5396787299551855,0.8525729973545719
20.53691275167785,3.0044395975883416,0.9300498168459136
20.738255033557046,2.5095441619621206,1.0723437129010454
20.93959731543624,2.0832349242429005,1.238743099411696
21.140939597315434,1.7186012591951658,1.4229471462931291
21.34228187919463,1.4079468196238638,1.6210453751649911
21.543624161073826,1.1462264439535732,1.8277693810705222
21.744966442953018,0.9306960600718379,2.036314657159702
21.946308724832214,0.7593150615501564,2.239622543977892
22.147651006711406,0.6289190193539693,2.432256201425674
22.348993288590602,0.5343253646238691,2.6116343821066743
22.550335570469798,0.4688336250347599,2.7779079296093006
22.75167785234899,0.4254845110705768,2.932883684511874
22.953020134228186,0.3981489990110673,3.0788694422820413
23.154362416107382,0.3820271422528897,3.217947609873464
23.355704697986575,0.3736523995201174,3.3516966994109096
23.55704697986577,0.3706569475946657,3.4811791010860764
23.758389261744966,0.371488859430294,3.6070313679999293
23.95973154362416,0.3751701195725099,3.729567302449434
24.161073825503355,0.38111876482215196,3.848859245098719
24.36241610738255,0.38903006714321087,3.964790002883514
24.563758389261743,0.39880438531952606,4.077077121404
24.76510067114094,0.4105110029233925,4.185271933251251
24.96644295302013,0.4243820777311843,4.288732690833993
25.167785234899327,0.44083707532538907,4.386565437076801
25.369127516778523,0.4605468957698025,4.477516513867836
25.570469798657715,0.4845618654816193,4.559782481512619
25.77181208053691,0.5145598244493763,4.630663398454645
25.973154362416107,0.5533449768490128,4.685893475994275
26.1744966442953,0.6059300196666196,4.718237901249673
26.375838926174495,0.6821448869550335,4.7142172112028815
26.57718120805369,0.803879773483701,4.645295775980933
26.778523489932883,1.0292956898419894,4.439319411419699
26.97986577181208,1.5513741012478708,3.8670702511016195
27.18120805369127,2.9077617286593522,2.28074118872686
27.382550335570468,3.7425102430532178,0.941757189146581
27.583892617449663,3.299050399469624,0.871911280975574
27.785234899328856,2.771232555199134,0.9908058231273477
27.98657718120805,2.307809811548658,1.1454282011725736
28.187919463087248,1.9105736198064702,1.3203780427383272
28.38926174496644,1.5712528504771084,1.5114295241701772
28.590604026845636,1.283273333330614,1.714204409291963
28.79194630872483,1.042774117680825,1.9226558517881425
28.993288590604024,0.8475696883476452,2.129643192503337
29.19463087248322,0.6953038644948684,2.3286214352059726
29.395973154362416,0.5819196699634125,2.5153753938868393
29.597315436241608,0.5014142828384643,2.6886566098260376
29.798657718120804,0.44680623117802903,2.8495243474419274
30.0,0.41141133980359046,3.0001353955427263
