rank,reward,equations,equations_with_constants
1,7.889288803433242e-53,B0 + x ; B1*y**2 + B2*x*y ; B3 + B4*y,x - 0.0165938496418176 ; 0.102096527497305*x*y - 0.00235289310753566*y**2 ; 1.45841828639853*y + 0.35366748848512
2,6.882697311992719e-53,B0 + B1*x ; B2*x**2 + B3*x*y ; B4 + B5*y,0.97885324975859*x + 0.304330817257349 ; 0.00039797642737591*x**2 + 0.0995478112212418*x*y ; 1.45941692504625*y + 0.336042297704039
3,5.1949641628800685e-54,B0 + x ; B1*x*y ; B2*y,x + 0.00625350808668704 ; 0.0998879844593281*x*y ; 1.49928689058291*y
4,0.0,x ; B0*x ; B1 + B2*y,x ; 0.979549569573906*x ; 13.1981973948906*y - 120.796329304568
5,0.0,B0 + B1*x ; B2*x*y + x**2*y - x - y**2 ; B3*y,71.4443960885207*x + 65.0321039212148 ; x**2*y + 0.000224134364315035*x*y - x - y**2 ; 0.00907486284873918*y
6,0.0,B0 + B1*x ; B2 + 2*y ; B3*y**2 - y**3,48.709080919368 - 14.1966793061252*x ; 2*y + 4.87191518186845 ; -y**3 + 5.59431870568213*y**2
7,0.0,B0*x + B1*x**3 ; B2 + B3*x ; B4*y + y**2,0.00514953661162231*x**3 + 0.0401049380012712*x ; 0.448360050003501*x + 0.00548948229454334 ; y**2 - 0.0212861456922317*y
8,0.0,x ; x ; B0*y + B1*y**2,x ; x ; 0.002413583071022*y**2 + 0.956602610903308*y
9,0.0,B0 + B1*x ; y ; y,58.684190999702 - 3.47249840568597*x ; y ; y
10,0.0,B0 + B1*x ; B2*y + B3*y**2 ; B4*y + B5*y**3,0.0349493239323082*x - 0.566664331324066 ; -0.147782438445205*y**2 + 0.0271685296143131*y ; -0.141947629943435*y**3 + 2.83701325968958*y
11,0.0,x ; B0 + B1*y ; B2 - y,x ; 14.6584843819677 - 0.919348556994706*y ; 14.9999997879726 - y
12,0.0,x ; x**2 + x*y ; y,x ; x**2 + x*y ; y
13,0.0,x ; -x*y + x ; y,x ; -x*y + x ; y
14,0.0,B0 + B1*x ; x ; B2 - y,15.2735691210764 - 0.0822346469911021*x ; x ; 17.1377141934119 - y
15,0.0,x ; x ; B0 - y,x ; x ; 14.9999999831323 - y
16,0.0,B0*x**2 + x ; B1*y - x*y + y**2 ; B2*y,-0.051733571434716*x**2 + x ; -x*y + y**2 - 4.13645632167483*y ; 1.64363983555387*y
17,0.0,B0 + B1*x**2 + x**3 ; B2*y - y**2 ; y**2,x**3 + 0.000566677777400605*x**2 + 0.00424409468411806 ; -y**2 + 13.4919237405764*y ; y**2
18,0.0,B0*x - 2*x**2 ; B1*x*y + B2*x*y**2 ; B3 + B4*y,-2*x**2 + 0.349523909901607*x ; -0.00228355907055211*x*y**2 + 0.00138136607793787*x*y ; 0.834244894807869*y + 0.000207563904177163
19,0.0,x ; x*y ; B0 + B1*y,x ; x*y ; 16.9702250901378*y - 1.5251331086816
20,0.0,B0 + B1*x ; B2 + B3*x + B4*y ; B5 + y,0.946512209812502*x - 10.4169827667512 ; 1.17287534754234*x + 1.23079342827274*y - 26.4143493991818 ; y - 6.5574644698751
21,0.0,B0 + B1*x ; B2*x + 2*x**2 - x*y ; y,26.719090503339 - 5.58260434882117*x ; 2*x**2 - x*y - 5.93075025249154*x ; y
22,0.0,B0 + B1*x ; B2*x + B3*x*y + B3*y ; B4 + B5*y - y**2,3.36837031891675*x + 52.3509970402434 ; 0.0646013972810313*x*y + 6.02563106356803*x + 0.0646013972810313*y ; -y**2 + 20.5774344551202*y - 1.30032433278537
23,0.0,B0 + B1*x ; x**2 ; y,2.92816155753475*x + 1.82693812303259 ; x**2 ; y
24,0.0,x ; x*y ; B0 - y,x ; x*y ; 15.000002391037 - y
25,0.0,x ; B0*x ; B1 + B2*y**2,x ; 0.979539278253972*x ; 0.666086242555982*y**2 - 54.5577354693787
26,0.0,B0*x**2 ; B1*x + B1*y ; B2 + y,-0.146810862679392*x**2 ; -1.37473645022121*x - 1.37473645022121*y ; y - 45.0405748963857
27,0.0,x**2 ; B0 + B1*x*y ; y,x**2 ; 0.0011186725114215*x*y + 9.08885745538798 ; y
28,0.0,B0*x ; B1*x*y**2 ; y,0.00301594177061372*x ; -0.15034431686217*x*y**2 ; y
29,0.0,B0*x ; B1*x ; y,0.761171244901111*x ; 0.742205943592784*x ; y
30,0.0,B0 + x ; x*y + y**2 ; B1 + B2*y,x + 3.82745550440342 ; x*y + y**2 ; 0.00778737641787997*y + 0.000577281348167364
31,0.0,B0 - x ; B1*y + B2*y**2 ; B3*y,43.7402906866465 - x ; -0.0431562700822153*y**2 - 21.6472003091981*y ; -7.27140921366765*y
32,0.0,B0*x + B1*x**3 ; x*y ; B2 + B3*y**2 + B3*y,-0.107256318478334*x**3 + 1.11869751906704*x ; x*y ; 4.42644489093529*y**2 + 4.42644489093529*y + 0.0669821796189426
33,0.0,B0*x**3 ; B1*x - 2*x*y ; B2 + 3*y,2.99430421705813*x**3 ; -2*x*y + 5.2138614935405*x ; 3*y - 0.0323769342231391
34,0.0,x ; B0*x*y ; y,x ; 0.104552075471366*x*y ; y
35,0.0,x ; B0*y + y**2 ; B1 + y,x ; y**2 - 15.1520434192417*y ; y + 11.6532291112436
36,0.0,B0 + x ; x**2 + x*y ; B1 + B2*y,x + 180.71184598733 ; x**2 + x*y ; 4.42281256674858*y + 153.046349290971
37,0.0,B0 + B1*x ; B2*y - x*y + y**2 ; B3 - y,82.6171063126313 - 4.43775210007373*x ; -x*y + y**2 + 1.49730240056138*y ; 0.679347686320856 - y
38,0.0,B0*x**2 ; x**3 + 2*x*y ; B1*y,93.7981713731856*x**2 ; x**3 + 2*x*y ; 0.00606815137812001*y
39,0.0,B0 + B1*x**2 ; 2*x**3 ; y,0.000268126882480912*x**2 + 0.00231307069166143 ; 2*x**3 ; y
40,0.0,x ; 2*y**2 ; y,x ; 2*y**2 ; y
41,0.0,x ; B0 + B1*x + B2*y + x*y ; y,x ; x*y - 6.30912437681292*x - 11.9599384528901*y + 82.1006800073004 ; y
42,0.0,B0 + B1*x**2 ; B2*y + 2*x*y + 2*y**2 ; B3 + B4*y + B5*y**2,4.09058334772451*x**2 + 1.57839501521648 ; 2*x*y + 2*y**2 + 0.0582451790799691*y ; 0.0208488799924814*y**2 + 0.000206416114561099*y + 0.259779551021839
43,0.0,B0*x + B1*x**2 + B2*x**3 ; B3*y + B4*x*y**3 ; B5 + B6*y,0.319855757525616*x**3 + 0.000565625382698945*x**2 + 0.00217807380114533*x ; 0.00167907994936228*x*y**3 + 3.29307355841615*y ; 6.35225778701406*y + 0.0132405918951802
44,0.0,-2*x ; B0*x + B1*y ; 2*y,-2*x ; 6.28581137620759*x - 5.5435359250176*y ; 2*y
45,0.0,B0*x + B1*x**2 ; B2*x + x*y**2 - x*y ; y,68.217124792195*x**2 + 0.41492689494399*x ; x*y**2 - x*y + 0.00388933091139859*x ; y
46,0.0,B0*x + 2*x**2 ; B1*x + B2*x*y + x*y**2 ; B3*y,2*x**2 + 0.00225028424307184*x ; x*y**2 + 24.1593362034699*x*y + 77.8040062849191*x ; 0.900661511518758*y
47,0.0,B0*x ; 2*x**2*y**2 ; B1 + y,0.511313913892434*x ; 2*x**2*y**2 ; y + 2.70312246549263
48,0.0,B0 + x ; B1 + B2*y ; B3*y**2,x - 8.56417062554849 ; 1.88916578849924 - 0.0750879474984509*y ; 0.0107094001628693*y**2
49,0.0,B0 + B1*x**2 ; B2*x + 2*x**2 + x*y ; y,2.07043673056054*x**2 + 0.264539195009623 ; 2*x**2 + x*y + 4.9351913313764*x ; y
50,0.0,B0 + B1*x + B2*x**3 ; B3*y + x*y ; y,0.058939409805448*x**3 + 0.0115846388187662*x + 0.0926460267945117 ; x*y - 0.081576263212427*y ; y
51,0.0,B0*x**2 + x ; x*y**2 + x*y + y**2 ; 2*y,0.0491959278593839*x**2 + x ; x*y**2 + x*y + y**2 ; 2*y
52,0.0,B0 + B1*x ; B2*y + B3*x*y + y**2 ; B4*y**2 + y,19.447383893275*x + 1.68680681776131 ; 0.892952821994881*x*y + y**2 + 6.698713434516*y ; 2.96637956598969*y**2 + y
53,0.0,B0 + 3*x ; B1 + B2*x + B3*y ; B4*y,3*x - 15.3099513038513 ; 1.75837307375641*x + 1.65173790377629*y - 13.8429528023243 ; 2.8655445528804*y
54,0.0,B0 + x**2 - x ; B1 + B2*x + B2*y ; -2*y**2 + 2*y,x**2 - x + 2.06833192231473 ; 0.497878454587989*x + 0.497878454587989*y + 85.8837096587287 ; -2*y**2 + 2*y
55,0.0,B0 + B1*x ; B2 + B3*x ; B4 + 2*y,3.83499508528731*x - 7.93591688602736 ; 6.53827318757319*x - 49.7527949997707 ; 2*y + 30.8881382129796
56,0.0,B0 + B1*x ; B2*x + B2*y ; B3*y,0.245688506170092*x + 19.8089686279793 ; 0.917335195597083*x + 0.917335195597083*y ; 2.27911111258825*y
57,0.0,B0 + 4*x ; 2*x*y + y**2 ; B1*y**2 - y,4*x + 54.1693794220774 ; 2*x*y + y**2 ; 4.61994633835357*y**2 - y
58,0.0,B0 + x**2 ; B1*x + 2*x*y ; B2 + y,x**2 + 0.197322462453715 ; 2*x*y + 0.000300410884236086*x ; y + 14.8016028849713
59,0.0,B0 + B1*x ; B2*x + x**2 ; y,3.72722257993308*x - 46.900065748258 ; x**2 - 14.6807867547956*x ; y
60,0.0,B0*x**2 + x ; y**2 ; B1*y + B2*y**2,-0.0281944042634708*x**2 + x ; y**2 ; 3.81363739047502*y**2 - 8.26527654037656*y
61,0.0,B0*x + B1*x**2 ; B2*y + B3*x**2*y - x**3*y ; 2*y,0.000946685422785572*x**2 + 0.00325136069777852*x ; -x**3*y + 0.000112721069088915*x**2*y + 0.0029393238198431*y ; 2*y
62,0.0,B0 + x ; B1 + B2*x + x**2 ; y,x - 5.08311859638915 ; x**2 - 23.2011770474435*x + 130.302080839276 ; y
63,0.0,B0 + x ; B1 + B2*x + B2*y ; B3 + 3*y,x + 18.1950453785529 ; 1.4327245395585*x + 1.4327245395585*y - 3.02993360014591 ; 3*y + 3.33997693166884
64,0.0,x ; x*y + y**2 ; B0 + B1*y + y**3 + y**2,x ; x*y + y**2 ; y**3 + y**2 - 28.5486998476257*y + 226.359714226571
65,0.0,B0 + B1*x ; B2*y + B3*x*y + B3*y**2 ; B4*y**3,0.707374401400066*x + 0.0613386241312908 ; 0.0282554294131064*x*y + 0.0282554294131064*y**2 + 0.323569705576488*y ; 0.00983138610662167*y**3
66,0.0,B0*x ; 2*x*y + y**2 ; y,0.318199550117908*x ; 2*x*y + y**2 ; y
67,0.0,2*x ; B0*y ; B1 + B2*y,2*x ; -2.00487517042782*y ; 11.9203777706506*y + 168.866066073643
68,0.0,2*x ; 2*x*y + 2*y**2 ; B0*y,2*x ; 2*x*y + 2*y**2 ; 0.0377769397525494*y
69,0.0,B0 - x**2 + x ; x**2*y + 2*x*y ; B1 + B2*y,-x**2 + x + 59.8659792132056 ; x**2*y + 2*x*y ; 7.16429043658804*y + 0.00319927310311803
70,0.0,B0 + B1*x ; B2*y ; B3 + B4*y,55.4332540719956 - 1.12969698468802*x ; 3.77706136301534*y ; 4.77475171513581*y - 10.1611799272653
71,0.0,B0 + x ; B1*y + B2*x*y + B3*x**2*y ; y,x - 4.75871630541926 ; 0.0117810953371228*x**2*y - 0.223634278941068*x*y + 1.66421206114509*y ; y
72,0.0,B0 + B1*x**3 ; B2*x + 2*x*y ; y,0.00136386849082222*x**3 + 0.0497186844248032 ; 2*x*y - 0.000431251472326757*x ; y
73,0.0,B0 + B1*x - x**2 ; x**2 + x*y ; B2*y + B3*y**2 - y**3,-x**2 + 0.912727225510029*x + 0.274516867956395 ; x**2 + x*y ; -y**3 + 0.0468505476950734*y**2 + 48.0321074468493*y
74,0.0,B0 + x**2 + 2*x ; B1*y + 2*x*y + 2*y**2 ; B2*y + 3*y**2,x**2 + 2*x + 12.2784667415483 ; 2*x*y + 2*y**2 - 3.59221282316901*y ; 3*y**2 + 11.6424982238769*y
75,0.0,B0 + x ; B1*y + y**2 ; y,x - 1.24277955393583 ; y**2 - 3.99988132744853*y ; y
76,0.0,B0 + B1*x**2 + x ; B2*y + 2*x*y + y**2 ; B3 + y,0.0468649517183406*x**2 + x + 0.00275578375067999 ; 2*x*y + y**2 - 0.0584954399292132*y ; y + 0.00689415746948469
77,0.0,B0 - x ; B1*y + y**2 ; B2*y - y**3 + y**2,18.3069171139804 - x ; y**2 - 4.1590034637704*y ; -y**3 + y**2 + 23.502559831521*y
78,0.0,B0 + B1*x ; B2*x*y ; y**2,11.4563613489252*x - 76.838744355915 ; 0.64729336284304*x*y ; y**2
79,0.0,B0 + 2*x ; x**2*y - x*y**2 + y**2 ; y,2*x + 0.522042737267844 ; x**2*y - x*y**2 + y**2 ; y
80,0.0,B0 + x ; B1 + B2*y ; B3 + B4*y**2 + y,x - 0.614921205666028 ; 1.43269828097634*y + 1.33651131997272 ; 0.117028717216154*y**2 + y - 0.559927022064136
81,0.0,B0*x ; x*y + y**2 ; B1 + y,-0.15142006599858*x ; x*y + y**2 ; y - 0.702079827283453
82,0.0,B0 + B1*x + B2*x**2 + x**3 ; B3*y + y**2 ; B4*y + B5*y**2,x**3 + 99.084455197532*x**2 + 39.5383932629569*x + 0.0400541248128675 ; y**2 + 0.472551431364219*y ; 0.825436967562992*y**2 + 14.3757298147833*y
83,0.0,B0*x ; 2*x*y ; y,0.444700389187447*x ; 2*x*y ; y
84,0.0,B0 + x ; 2*x*y**2 ; B1 + 2*y,x + 405.063602075617 ; 2*x*y**2 ; 2*y + 339.171119396345
85,0.0,B0 + x ; 2*x*y ; B1*y,x + 49.7343407030305 ; 2*x*y ; 27.0983462406184*y
86,0.0,B0 + B1*x ; B2*y + 4*y**2 ; B3 - y,0.000145312691345806*x + 5.08582341589996 ; 4*y**2 + 0.000627943718828246*y ; 0.000296516092079022 - y
87,0.0,B0 + 3*x ; 2*x**2*y - 2*y**2 ; y,3*x + 0.00919819774728596 ; 2*x**2*y - 2*y**2 ; y
88,0.0,B0 + B1*x ; B2*y + 2*y**2 ; y,65.0550499351535*x + 35.2474270267306 ; 2*y**2 + 2.98395880499733*y ; y
89,0.0,B0*x + x**2 ; B1*y - 4*x*y ; B2*y,x**2 + 14.509052002334*x ; -4*x*y + 0.0631767957312611*y ; 0.0674610751378161*y
90,0.0,B0 + B1*x ; 2*x*y ; B2*y,3.58453994208782*x + 68.4832096858835 ; 2*x*y ; 19.8267059570435*y
91,0.0,B0*x**2 + x**3 + x ; 2*y**2 ; B1*y**2 + B2*y**4,x**3 + 0.00961298718901049*x**2 + x ; 2*y**2 ; 0.0349920256188505*y**4 + 0.0126305680659815*y**2
92,0.0,x**2 + x ; B0*y ; B1*y + B2*y**2 + B3*y**3,x**2 + x ; 0.247655640453813*y ; -0.0297196247239001*y**3 + 0.247109963437032*y**2 - 0.244929954695588*y
93,0.0,B0 + B1*x ; B2*y + 2*y**2 ; B3 + B4*y**2,0.433005266980977*x + 13.0017737091664 ; 2*y**2 - 7.00913486361221*y ; 1.37480130914046*y**2 - 19.6010419046877
94,0.0,B0 + 3*x ; B1*y ; B2 + B3*y**2,3*x - 2.07600627292124 ; 4.11583887924574*y ; 0.332917166445624*y**2 + 6.54427244071752
95,0.0,x**2 + x ; 2*x**2*y ; y,x**2 + x ; 2*x**2*y ; y
96,0.0,B0 + B1*x**2 + x**3 ; B2*y ; y,x**3 + 0.376357871810611*x**2 + 0.113054533669376 ; 1.03227823169257*y ; y
97,0.0,B0 + 2*x ; B1*y + B2*y**2 ; 2*y,2*x - 1.75282939547309 ; -0.163937587082544*y**2 + 3.8001808031086*y ; 2*y
98,0.0,B0 + B1*x ; B2*y ; B3*y + B4*y**2,135.651570896764 - 4.95618339012368*x ; 5.88328469559383*y ; 0.0897283387232097*y**2 + 4.96081585587171*y
99,0.0,B0*x**2 + x ; 2*x*y ; B1*y + B2*y**2,1.25997257805091*x**2 + x ; 2*x*y ; 3.14894728823418*y**2 - 1.32843549661679*y
100,0.0,B0 + B1*x**2 + B2*x**3 + x ; 2*x*y ; B3 + B4*y,3.80405431534656*x**3 + 8.65411131424866*x**2 + x + 0.842744165691711 ; 2*x*y ; 0.000128888359232832*y + 0.000245774100078743
101,0.0,B0*x ; B1*y + 2*x*y ; B2 + 2*y,4.09152194754394*x ; 2*x*y - 19.3911305570459*y ; 2*y + 28.4352289725431
102,0.0,B0 + 3*x ; B1*y ; 2*y,3*x - 19.7261267843649 ; 2.03250865161564*y ; 2*y
103,0.0,B0 + B1*x ; B2*y + 2*y**2 ; B3 + B4*y + y**2,-21.799217656341*x - 20.4713684502922 ; 2*y**2 + 11.3246982659566*y ; y**2 + 10.9409558489613*y + 30.1143511113866
104,0.0,B0 + x ; B1*y ; 2*y,x + 0.525405637910557 ; 2.03384166865626*y ; 2*y
105,0.0,B0 - 2*x ; B1*y + 2*y**2 ; B2*y,0.249458084960988 - 2*x ; 2*y**2 + 0.0440154405867581*y ; 0.0829172639005903*y
106,0.0,B0*x**2 + B1*x**3 + x ; B2*y + 2*x*y ; B3 + 2*y,-0.0132004363784658*x**3 - 0.0278271521964084*x**2 + x ; 2*x*y - 0.035984704989663*y ; 2*y + 0.00153519419117618
107,0.0,B0 + B1*x - x**2 ; 2*x*y ; B2 + B3*y,-x**2 + 8.89372114578051*x - 8.08352392494935 ; 2*x*y ; 5.37067335692596 - 0.670693617298392*y
108,0.0,B0 + B1*x**2 ; 2*y**2 ; B2*y,38.0902433166511*x**2 + 0.380410960797671 ; 2*y**2 ; 25.1209922793566*y
109,0.0,B0*x ; B1*y ; B2*y**2 + y,0.0585839667721959*x ; 0.129495774135967*y ; -0.17410076617345*y**2 + y
110,0.0,B0*x ; B1*y ; B2 + 2*y,-4.54332143167341*x ; -7.02734942138258*y ; 2*y - 90.2480340236767
111,0.0,B0 + x ; B1*y + 2*x*y - 2*y**2 ; B2 + B3*y,x + 42.7766319980579 ; 2*x*y - 2*y**2 - 0.825858874519592*y ; 2.31559182794261*y + 40.0795930157407
112,0.0,B0*x ; B1*y**2 ; 2*y,0.00120712201430787*x ; -1.52501380378595*y**2 ; 2*y
113,0.0,B0*x - x**2 ; 2*x*y ; B1 + y,-x**2 + 13.4624226858806*x ; 2*x*y ; y + 5.90402491186774
114,0.0,B0 + x ; B1*y ; B2 + B3*y,x + 1.61964954849168 ; 1.74269968103475*y ; 2.22768522500173*y - 4.90131103390695
115,0.0,B0 + B1*x ; 2*y**4 ; B2*y + B3*y**2,0.00047561015733926*x + 0.000332154836561308 ; 2*y**4 ; 2.54555991536074*y**2 + 2.46584654929299*y
116,0.0,B0 - 2*x**2 + 2*x ; 2*y**2 ; B1*y + B2*y**2,-2*x**2 + 2*x + 0.00437667409632019 ; 2*y**2 ; 2.12730024734146*y**2 - 1.30512924593908*y
117,0.0,B0 + 2*x ; B1*x*y ; B2*y + B3*y**2,2*x - 11.8903844838933 ; 0.115210979299682*x*y ; 0.076669027656538*y**2 + 1.04463735453459*y
118,0.0,B0*x**2 - x**3 + x ; 2*x*y + 2*y**2 ; B1 - y,-x**3 + 4.14785255754031*x**2 + x ; 2*x*y + 2*y**2 ; 0.0827582541936921 - y
119,0.0,B0 + x ; B1*y ; B2*y,x + 1.20269322465083 ; 2.14093142513801*y ; 2.09647461318465*y
120,0.0,2*x ; 2*x*y ; B0 + B1*y,2*x ; 2*x*y ; 14.9281626336513*y + 0.0263326681293242
121,0.0,B0 + x ; 2*x*y ; B1 + y,x + 99.5188405330672 ; 2*x*y ; y + 99.4642816567084
122,0.0,B0 + 2*x ; 2*y**2 ; B1*y,2*x + 0.000447521120815765 ; 2*y**2 ; 0.00911530288725473*y
123,0.0,B0 + B1*x**2 ; 2*y**2 ; B2 + y,54.7801731187652 - 0.0195588943173233*x**2 ; 2*y**2 ; y + 50.5637751980033
124,0.0,B0*x - 2*x**2 ; B1*y ; B2 + y,-2*x**2 - 2.13922177750395*x ; -4.01535477020994*y ; y - 50.20929629442
125,0.0,2*x ; 2*x*y ; B0 + 2*y,2*x ; 2*x*y ; 2*y + 0.011822659497547
126,0.0,B0 + x ; 2*y**2 ; B1 + y,x + 55.8794319981984 ; 2*y**2 ; y + 73.6547907010924
127,0.0,B0 + x ; B1*y ; y,x - 4.60089403531334 ; 1.03837887119993*y ; y
128,0.0,B0 + x ; 2*y**3 + 2*y**2 ; B1 + y,x + 14.7706293033117 ; 2*y**3 + 2*y**2 ; y + 1.39921515643562
129,0.0,B0 + B1*x ; B2*y + 2*y**2 ; 2*y,0.0129147892114259*x + 0.0363575011056985 ; 2*y**2 + 29.117114059369*y ; 2*y
130,0.0,B0 + B1*x ; B2*y**2 ; 2*y,0.321681523802259*x - 4.78147044061176 ; -1.52284244883732*y**2 ; 2*y
131,0.0,B0 + B1*x ; 2*y**2 ; 2*y,51.88306269989*x + 0.978777571161432 ; 2*y**2 ; 2*y
132,0.0,2*x ; 2*x*y ; B0 + B1*y**2,2*x ; 2*x*y ; 0.689781977953719*y**2 + 1.6556761246756
133,0.0,B0 + x ; -2*x*y ; B1 + y,x + 10.3856249587656 ; -2*x*y ; y + 82.2522320284098
134,0.0,2*x ; 2*y**2 ; B0 + y,2*x ; 2*y**2 ; y + 0.11955681448954
135,0.0,B0*x**2 ; B1*y ; B2 + y,-0.124933962380254*x**2 ; -2.98426477060079*y ; y - 39.9619930222473
136,0.0,2*x ; B0*y**2 + 2*x*y**2 ; B1 + 2*y,2*x ; 2*x*y**2 - 0.0476894567919068*y**2 ; 2*y + 66.7485882485392
137,0.0,B0 + 2*x ; 2*x*y ; B1 + y,2*x + 8.20384833247153 ; 2*x*y ; y + 10.0699532603761
138,0.0,B0 + 2*x ; 2*y**2 ; B1 + 2*y,2*x + 29.2911169926066 ; 2*y**2 ; 2*y + 62.1294083712562
139,0.0,B0 + x ; 2*x*y ; B1 + B2*y,x + 63.5813839796576 ; 2*x*y ; 24.8127640670768*y + 10.2647451463873
140,0.0,x**2 ; B0*x*y ; B1 + B2*y,x**2 ; 0.141153374240425*x*y ; 15.2594147956878*y - 11.7171731990706
141,0.0,-x**2 + 2*x ; 2*x*y ; B0 + y,-x**2 + 2*x ; 2*x*y ; y + 84.2871624259316
142,0.0,B0 + 2*x ; 2*y**2 ; B1 + B2*y,2*x + 20.2853689558072 ; 2*y**2 ; 21.6074789056318*y - 6.55449445010065
143,0.0,2*x ; B0*y ; B1 + B2*y**2,2*x ; 2.63135461578422*y ; 0.443631603133052*y**2 - 11.4735546290512
144,0.0,B0 + 3*x ; 2*x*y + 4*y**2 ; B1 + y**2,3*x + 0.48764059424356 ; 2*x*y + 4*y**2 ; y**2 + 27.901644300068
145,0.0,B0 + x ; B1*y + 2*y**2 ; B2 + y,x + 0.775328949200556 ; 2*y**2 + 0.000193795674522753*y ; y + 0.210553851728961
146,0.0,2*x**2 ; 2*x*y**2 ; B0 + B1*y**2,2*x**2 ; 2*x*y**2 ; 0.0446975206403243*y**2 + 0.130285940307136
147,0.0,B0 + 2*x ; B1*y + 4*x*y ; B2*y,2*x + 0.00172045916234681 ; 4*x*y + 0.0259853543443001*y ; 44.4846962860618*y
148,0.0,B0 + B1*x ; 2*x*y ; B2 + y,14.776468447197 - 1.74965483308873*x ; 2*x*y ; y + 3.07310566883347
149,0.0,B0 + x ; B1*y ; B2 + y,x - 5.49056889687855 ; 0.715600995874053*y ; y - 3.09376852448219
150,0.0,B0 + B1*x ; B2*y + 2*y**2 ; B3 + y**2 + y,-0.505425668513309*x - 11.2354265045694 ; 2*y**2 - 23.85685797889*y ; y**2 + y - 86.7433755739506
151,0.0,B0 + 3*x ; 2*x*y ; B1*y + B2*y**2,3*x + 34.2278110653378 ; 2*x*y ; 1.62227626442452*y**2 + 27.1106699234183*y
152,0.0,B0 + 2*x ; B1*x**2*y ; B2*y**2 + y,2*x - 3.20991769325489 ; 0.0116471860066587*x**2*y ; 0.178812696030934*y**2 + y
153,0.0,B0 + B1*x ; B2*y**2 ; B3 + y,40.8728981663571 - 2.52299648799537*x ; 0.0181979536391122*y**2 ; y - 8.34790702632753
154,0.0,B0*x - x**2 ; B1*x*y**2 ; B2 + B3*y + y**2,-x**2 + 21.7329495611255*x ; 0.0642544760097789*x*y**2 ; y**2 + 1.25048059785474*y - 16.7821314236164
155,0.0,B0 + B1*x ; 2*x**2*y ; B2*y**3 + B2*y**2 + y,0.000122946246917318*x + 1.1195265946376 ; 2*x**2*y ; 18.9820994222714*y**3 + 18.9820994222714*y**2 + y
156,0.0,B0 + 2*x ; B1*x*y**2 ; B2 + B3*y,2*x + 0.114416195814078 ; 0.00154928224215325*x*y**2 ; 0.100706556753563*y + 0.641549563130426
157,0.0,B0 + 3*x ; B1*y**2 + 2*x*y**2 ; B2 + 2*y,3*x + 8.96209401101785 ; 2*x*y**2 - 0.0509312450446769*y**2 ; 2*y - 8.73153321762217
158,0.0,B0 + B1*x ; 2*x*y**2 ; B2*y,0.00590671734613365*x + 418.461468959389 ; 2*x*y**2 ; 61.3301073434686*y
159,0.0,B0*x ; 2*x**2*y ; B1 + y,0.00293779347861051*x ; 2*x**2*y ; y + 0.910775969422219
160,0.0,B0 + 3*x ; 2*x*y**2 ; B1 + B2*y,3*x + 379.243166518341 ; 2*x*y**2 ; 0.0286239839263146*y + 296.325214019216
161,0.0,B0 + 2*x ; B1*y**2 ; B2 + y,2*x + 0.527323292584616 ; 0.743856957043287*y**2 ; y + 13.5964247896885
162,0.0,B0 + x ; B1*y**2 ; B2 + y,x + 26.2718992362349 ; 1.89923397651496*y**2 ; y + 44.4391213746339
163,0.0,B0 + 3*x ; B1*x*y + 2*x*y**2 ; B2 + y,3*x + 4.70481786275064 ; 2*x*y**2 + 0.0508602821934667*x*y ; y - 0.873459472713752
164,0.0,B0 + 2*x ; 2*x*y**2 ; B1 + y,2*x + 391.571709003787 ; 2*x*y**2 ; y + 317.088311702609
165,0.0,B0 + x ; B1*y ; B2 + 2*y,x - 0.327984960878799 ; 1.87577580727966*y ; 2*y - 0.796808580858383
166,0.0,x ; B0*y ; B1 + y,x ; -12.9631436657608*y ; y + 16.5427689103497
167,0.0,B0 + B1*x ; 2*x**2*y ; B2 + 2*y**2,0.194415845696376*x + 6.59223974307856 ; 2*x**2*y ; 2*y**2 + 0.000474246554584832
168,0.0,B0 + 2*x ; B1*y**2 ; B2 + B3*y,2*x - 0.450592114344277 ; 1.98163082112336*y**2 ; 6.98828970479414*y + 16.0495743584461
169,0.0,B0 - x**3 + x ; 2*x*y**2 ; B1 - y,-x**3 + x + 504.019096511905 ; 2*x*y**2 ; 401.020060942724 - y
170,0.0,B0 + x ; 2*x*y**2 ; B1 + y,x + 401.889703539926 ; 2*x*y**2 ; y + 319.957760144567
171,0.0,B0 + x ; B1*x**2*y ; 2*y,x + 3.88766252224442 ; 0.00829743744420662*x**2*y ; 2*y
172,0.0,B0 + x ; B1*x*y ; B2 + B3*y,x - 13.9844637152343 ; -0.313739217501913*x*y ; 6.20353278628407*y - 8.56409488779416
173,0.0,B0 + B1*x ; B2*x*y ; 4*y,165.124926342278 - 8.08193522993334*x ; 0.260718890086089*x*y ; 4*y
174,0.0,B0 + x ; 2*x*y**2 ; B1 - y**2,x + 767.342847483025 ; 2*x*y**2 ; 0.0213625389814355 - y**2
175,0.0,B0 + B1*x - x**2 ; 2*x*y**2 ; B2 + B3*y,-x**2 + 0.0395124713626247*x + 0.0248268090626925 ; 2*x*y**2 ; 29.5686115920779*y + 450.755029743673
176,0.0,B0 + x ; B1*x*y ; B2 + B3*y**3,x + 0.875521559429922 ; 0.106786431949326*x*y ; 0.00868450923968538*y**3 + 6.70350951393203
177,0.0,B0 + 2*x ; B1*y**2 ; B2 + B3*y + y**2,2*x - 0.258649335630844 ; 1.14992095054862*y**2 ; y**2 + 1.64522044368409*y - 2.28071326289683
178,0.0,B0 + x ; 2*x*y**2 - 2*y**3 ; B1*y + B2*y**2,x + 435.03157236855 ; 2*x*y**2 - 2*y**3 ; 0.0447105492345735*y**2 + 0.000100605537862895*y
179,0.0,B0 + x ; B1*x*y ; B2 + 4*y,x + 5.76400588647313 ; 0.136778791665739*x*y ; 4*y - 18.7388590621585
180,0.0,B0 - x ; B1*x*y ; 2*y,28.0473972280355 - x ; -0.567260153867821*x*y ; 2*y
181,0.0,B0 + B1*x ; B2*y ; B3 + y,39.5802572815144 - 2.31298261910079*x ; 0.377838900049338*y ; y - 6.39908211393154
182,0.0,B0 + x ; B1*y**2 + 2*y**3 ; B2*y - y**2,x + 6.4535542230507 ; 2*y**3 + 0.00855597935172373*y**2 ; -y**2 + 0.218411772677187*y
183,0.0,B0 + B1*x ; B2*x*y ; B3 + y,28.8884506232704 - 1.50954256323371*x ; 0.0356775531573785*x*y ; y - 4.68338609919631
184,0.0,B0 + x ; 2*x*y**2 ; B1 + B2*y**2,x + 392.368592160308 ; 2*x*y**2 ; 0.0443526758624797*y**2 + 2.40276121816299
185,0.0,B0 + x ; B1*y**2 ; B2*y,x + 0.0104746854334026 ; 0.422840795716632*y**2 ; 2.1150567163701*y
186,0.0,B0 + x ; B1*x*y ; B2 - y,x - 12.7340764079826 ; -0.0545801773949474*x*y ; 2.26567997793375 - y
187,0.0,B0 + x ; 2*x**2*y ; B1 + B2*y,x + 0.0230871610335795 ; 2*x**2*y ; 0.0041885656442044*y + 0.00149078021813414
188,0.0,B0 + x ; B1*x*y + 2*x*y**2 ; B2 - y,x + 10.8731700334596 ; 2*x*y**2 + 0.0507625497320001*x*y ; -y - 2.50671616070545
189,0.0,B0 + x ; B1*y**2 + 2*y**3 ; B2 + B3*y**2,x + 0.000171188564459261 ; 2*y**3 + 11.8750028154013*y**2 ; 35.2346709682839*y**2 + 0.046047898063039
190,0.0,B0 + 3*x ; 2*x**2*y ; B1 + B2*y,3*x + 0.000417091534329661 ; 2*x**2*y ; 6.74334832926574*y + 0.241097220584344
191,0.0,B0 + B1*x ; B2*y + B3*y**2 ; B4 + 2*y,118.578303775661 - 9.50809190996372*x ; 0.764124646546157*y**2 - 0.745431783560761*y ; 2*y + 5.3759610877139
192,0.0,B0 + B1*x ; 2*y**3 ; B2 + 2*y,51.4144191722554*x + 82.0269518341095 ; 2*y**3 ; 2*y + 0.000389382949338737
193,0.0,B0 + 2*x ; B1*x*y ; B2 + B3*y,2*x + 0.316916583358287 ; 0.908778490220225*x*y ; 0.0743320617552524*y - 0.0285393224815475
194,0.0,B0 + 2*x ; B1*y + B2*y**2 ; B3 + 3*y,2*x + 1.64732150308093 ; 0.48116366170569*y**2 + 2.23506800846856*y ; 3*y + 8.22377334363452
195,0.0,B0 + B1*x ; B2*x*y + 2*x*y**2 ; B3 + y,0.00278565830383937*x + 45.9772517833547 ; 2*x*y**2 + 0.0507039142518188*x*y ; y - 39.5178067176102
196,0.0,B0 + x ; B1*y ; B2 + 3*y,x + 3.9675038027789 ; 2.34104776803421*y ; 3*y - 4.89788500568866
197,0.0,B0 + x ; 4*x*y**2 ; B1 + y,x + 1.20718540943054 ; 4*x*y**2 ; y + 0.0412893949068185
198,0.0,B0 + 2*x ; 2*x**2*y ; B1 + B2*y,2*x + 0.200416005507202 ; 2*x**2*y ; 0.00595114520284027*y + 2.83062689469209
199,0.0,B0 - x ; B1*x*y ; B2 + B3*y,24.5938727193132 - x ; -0.163883021559571*x*y ; 10.7643938977051*y - 1.0568619096977
200,0.0,B0 + 2*x ; B1*y ; B2 + B3*y,2*x + 9.76199414709805 ; 4.53269681688*y ; 5.336807534827*y - 8.41198040648781
201,0.0,B0 + x ; B1*x*y ; B2*y - y**2,x + 9.26172264087105 ; 1.43266071098627*x*y ; -y**2 + 12.9217348639791*y
202,0.0,B0 + x ; B1*y**3 ; B2 + 2*y,x - 9.73172884386801 ; 0.00849569221584459*y**3 ; 2*y - 3.1226525148016
203,0.0,B0 + x ; 2*x**2*y ; 2*y,x + 0.319547076089906 ; 2*x**2*y ; 2*y
204,0.0,B0 + x ; B1*y**2 ; B2*y**2 - 2*y**3 + y,x + 1.24434963568604 ; 0.00123417317041857*y**2 ; -2*y**3 - 0.178493770288581*y**2 + y
205,0.0,B0 + x ; B1*x*y ; B2 + y,x + 2.38646831539851 ; 0.103406693325862*x*y ; y + 2.25528555780549
206,0.0,B0 + x ; -2*x*y**2 + 2*y**3 ; B1 - y,x + 0.000613075454101484 ; -2*x*y**2 + 2*y**3 ; 0.0245217570617703 - y
207,0.0,B0 + x ; B1*x*y**2 ; B2 + y**2 + y,x + 22.9596747972735 ; 0.0242757989391844*x*y**2 ; y**2 + y - 73.8018189654988
208,0.0,B0 + x ; B1*y + B2*y**2 ; B3 + y**3 + y**2,x + 43.1675359250534 ; 5.0182995034043*y**2 + 9.00044737673799*y ; y**3 + y**2 + 7.61084200415729
209,0.0,B0 + x ; 4*x*y**2 ; B1 + B2*y,x + 0.948093048419293 ; 4*x*y**2 ; 0.000307346115075438*y + 19.1507808203416
210,0.0,B0 + x ; 2*x*y**2 + 2*y**3 ; B1 + y,x + 79.3587470567724 ; 2*x*y**2 + 2*y**3 ; y + 0.0811150081437946
211,0.0,B0 + x ; B1*y**2 + 2*x*y**2 ; B2 + y,x + 5.21317301231452 ; 2*x*y**2 + 0.129713865240791*y**2 ; y + 97.4737589111761
212,0.0,B0 + x ; 2*x*y**2 ; B1*y + y**2,x + 476.516325831985 ; 2*x*y**2 ; y**2 - 9278.04754834317*y
213,0.0,B0 + x ; 2*x*y**2 ; B1 + y**2 + 3*y,x + 398.01745525602 ; 2*x*y**2 ; y**2 + 3*y + 89.9564660357504
214,0.0,B0 + x ; 2*x**2*y ; B1*y**3 + y,x + 0.15485766940216 ; 2*x**2*y ; 9.61523497536924*y**3 + y
215,0.0,B0 + x ; 2*x**2*y ; B1 + 4*y,x + 0.0106062019222324 ; 2*x**2*y ; 4*y + 7.01907934809081
216,0.0,B0 + x ; 2*x*y**2 ; B1 - y,x + 400.067832326595 ; 2*x*y**2 ; 312.667557598751 - y
217,0.0,B0 + x ; 2*x**2*y ; B1 + y**2 + y,x + 0.00153005243204694 ; 2*x**2*y ; y**2 + y + 0.000285899432695548
218,0.0,B0 + x ; 2*x**2*y ; B1 + y,x + 15.2154016128863 ; 2*x**2*y ; y + 2.42291647075173
219,0.0,B0 + x ; 2*x**2*y ; y,x + 0.000481577196659063 ; 2*x**2*y ; y
220,0.0,B0 + x ; 2*x**2*y ; B1 + B2*y + B3*y**2,x + 0.000116351702894683 ; 2*x**2*y ; 48.5350887260186*y**2 + 1.50396898951783*y + 0.0711729510273003
221,0.0,B0 + x ; 2*x**2*y ; B1 - y**2 + 3*y,x + 0.000141248339234734 ; 2*x**2*y ; -y**2 + 3*y + 0.00022850381045759
222,0.0,B0 + x ; 2*x*y**2 ; B1 + B2*y,x + 507.273073233533 ; 2*x*y**2 ; 42.2872339626735*y + 396.10687026145
223,0.0,B0 + x ; 2*x**2*y ; B1 + 2*y,x + 5.81361313164309 ; 2*x**2*y ; 2*y + 0.15137833577674
224,0.0,B0 + x ; B1*x*y ; B2 - y**2 - y,x + 0.543134998879654 ; -0.16415908116331*x*y ; -y**2 - y + 36.3446011497496
225,0.0,B0 + x ; 2*x*y**2 ; B1*y,x + 394.011696626581 ; 2*x*y**2 ; 17.4568771198388*y
226,0.0,B0 + x ; 2*x**2*y ; B1*y,x + 0.0326885265499606 ; 2*x**2*y ; 34.9069724573798*y
227,0.0,B0 + x ; 2*x**2*y ; B1 + B2*y + y**2,x + 7.35657087553527 ; 2*x**2*y ; y**2 + 0.00521240142347169*y + 0.0272144539410561
228,0.0,B0 + x ; 2*x**2*y ; B1 + B2*y**2 + y,x + 56.218853030069 ; 2*x**2*y ; 59.2034762739322*y**2 + y + 0.533999076612243
229,0.0,B0 + x ; 2*x**2*y ; B1 + y**2 - y,x + 0.265186791701195 ; 2*x**2*y ; y**2 - y + 5.03714382227406
230,0.0,B0 + x ; 2*x**2*y ; B1*y + y**2,x + 19.8004776602821 ; 2*x**2*y ; y**2 + 38.2672273184731*y
231,0.0,B0 + x ; 2*x**2*y ; 2*y**2 + 2*y,x + 2.51277793632044 ; 2*x**2*y ; 2*y**2 + 2*y
232,0.0,B0 + x ; 2*x**2*y ; y**2 + 2*y,x + 0.0035139610843312 ; 2*x**2*y ; y**2 + 2*y
233,0.0,B0 + x ; 2*x**2*y ; B1 + 3*y,x + 0.223201565222306 ; 2*x**2*y ; 3*y + 19.7705422906213
234,0.0,B0 + x ; 2*x**2*y ; B1 + y**2 + 2*y,x + 5.46674796660808 ; 2*x**2*y ; y**2 + 2*y + 0.0570489486487385
235,0.0,B0 + x ; 2*x**2*y ; 5*y,x + 61.2114863043878 ; 2*x**2*y ; 5*y
236,0.0,B0 + B1*x + x**2 ; y ; B2*y + B3*y**2,x**2 + 0.274023051829339*x + 27.3380070829139 ; y ; 0.120805814497731*y**2 - 0.234935258779403*y
237,0.0,B0 + B1*x**3 ; y ; B2 + B3*y + B4*y**2,0.000948431132116477*x**3 + 9.0241661119784 ; y ; 0.157366453048811*y**2 - 0.648480810809483*y - 1.70543416875037
238,0.0,x ; y ; y,x ; y ; y
239,0.0,B0 + x ; y ; y,x - 4.99999999853154 ; y ; y
240,0.0,B0*x ; y ; B1*y**2,0.0501596316492256*x ; y ; 1.87607116149923*y**2
241,0.0,B0 + 2*x ; y ; B1 + y,2*x - 14.8650475543475 ; y ; y - 0.269904791754194
242,0.0,B0 + B1*x + x**2 ; y ; B2 + y**2 - y,x**2 + 0.000284865777772528*x + 30.2927195672902 ; y ; y**2 - y - 43.8811189965094
243,0.0,B0 + x ; y ; B1 + y,x - 4.72263560613274 ; y ; y - 0.277364348859329
244,0.0,B0 + x ; y ; -y**2 + y,x + 72.2552758662009 ; y ; -y**2 + y
245,0.0,B0 + 5*x ; y ; B1 + B2*y + B3*y**2,5*x - 47.7294901802942 ; y ; 0.0554118349763118*y**2 + 15.3039395693325*y - 21.3554532521879
246,0.0,B0 + x ; y ; 2*y,x - 7.49999991007257 ; y ; 2*y
247,0.0,B0*x ; y ; y,0.500000227611418*x ; y ; y
248,0.0,x**2 ; y ; B0 + 2*y,x**2 ; y ; 2*y - 10.1859757065869
249,0.0,B0 + B1*x + B2*x**2 ; y ; B3 + y,-1.85464914220045*x**2 + 47.8566037527956*x - 287.400660393066 ; y ; y - 0.257253149168536
250,0.0,3*x ; y ; y,3*x ; y ; y
251,0.0,B0 + B1*x ; y ; B2 + B3*y,186.591773255775 - 11.4232719174936*x ; y ; 1.84077989987043*y - 8.59199082055415
252,0.0,B0 + B1*x ; y ; B2 - y,-14.3551936376878*x - 139.060486806267 ; y ; 9.99999998645497 - y
253,0.0,B0 + x ; y ; B1*y,x - 4.82942956257583 ; y ; 0.967011292449323*y
254,0.0,B0*x ; y ; B1 + B2*y + B3*y**2,0.681695121576211*x ; y ; 0.466040574736045*y**2 - 6.12917520491439*y + 23.8191023778797
255,0.0,B0 + x ; y ; B1 + 4*y,x - 0.868380110683551 ; y ; 4*y - 31.5264795479875
256,0.0,B0 + x ; y ; B1*y**3 + y,x - 4.92028360287061 ; y ; -0.000607620665395018*y**3 + y
257,0.0,B0 + B1*x ; y ; B2 + y**2 + y,38.2436086782225 - 2.03930665404443*x ; y ; y**2 + y - 45.0251025605885
258,0.0,B0 + x**2 + x ; y ; B1 + B2*y,x**2 + x + 1.23585033673033 ; y ; 1.90583389370121*y - 9.24470566206647
259,0.0,x**2 + 2*x ; y ; B0 + B1*y,x**2 + 2*x ; y ; 1.91699008773941*y - 9.35196723359027
260,0.0,B0 + x ; y ; B1*y**2 + y**3 + y,x - 11.1038889964023 ; y ; y**3 + 0.0449031196063241*y**2 + y
261,0.0,B0 - x ; y ; B1 + y,23.6463565822291 - x ; y ; y - 0.214001107243687
262,0.0,B0 + 3*x ; y ; B1 + 2*y,3*x - 23.6670599369451 ; y ; 2*y - 10.3317601610809
263,0.0,B0 + B1*x + B2*x**2 ; y ; B3 - y,-0.719404168158492*x**2 + 13.6595823487595*x + 57.2675356894364 ; y ; 9.99999995094222 - y
264,0.0,B0 + x ; y ; B1 + B2*y**2,x - 6.44852461357629 ; y ; 0.424543463999531*y**2 - 0.521252774564413
265,0.0,B0 + x ; y ; B1 + B2*y + y**2,x - 2.03233723796125 ; y ; y**2 - 7.13712513371233*y - 2.34353540030526
266,0.0,B0 + 2*x ; y ; B1 - y,2*x - 14.9999825276184 ; y ; 9.99999999074276 - y
267,0.0,B0 + 3*x**2 - x ; y ; B1 + B2*y**2 + y,3*x**2 - x + 2.29508165182842 ; y ; 0.0523863471628308*y**2 + y - 5.46403436552837
268,0.0,B0 + B1*x**3 ; y ; B2 + y,0.0201345419833342 - 0.120081110823131*x**3 ; y ; y + 0.000296524165834582
269,0.0,B0 + x ; y ; B1 + y**2,x - 3.54484864711712 ; y ; y**2 - 37.2370229616548
270,0.0,B0 + 3*x ; y ; B1 + y,3*x - 24.9133192734203 ; y ; y - 0.260042093944125
271,0.0,B0 + B1*x ; y ; B2 + 2*y,32.7117999589675 - 1.45982000647293*x ; y ; 2*y - 10.26029624556
272,0.0,B0 - x ; y ; B1 + y**2,22.6741253920759 - x ; y ; y**2 - 44.7155297029029
273,0.0,B0 + B1*x**2 ; y ; y**4 + y**2 + y,-0.213258716233908*x**2 - 48.8978008909137 ; y ; y**4 + y**2 + y
274,0.0,B0 + 3*x ; y ; B1 + B2*y,3*x - 24.7897826372963 ; y ; 1.10585809300868*y - 1.18219569155515
275,0.0,B0 + x ; y ; B1*y - y**2,x - 8.98116405640657 ; y ; -y**2 + 8.12065510107457*y
276,0.0,B0 + B1*x + B2*x**2 ; y ; B3 + B4*y,-0.145187180834586*x**2 + 2.87331917535297*x + 0.42106950275896 ; y ; 1.68808216695784*y - 7.09929969740655
277,0.0,B0 - x ; y ; B1 + B2*y + y**2,25.3270601297555 - x ; y ; y**2 - 13.757314735782*y + 48.7843607983102
278,0.0,B0 + x**4 ; y ; B1*y**3 + y,x**4 + 1.80625024066571 ; y ; -0.000595442592700583*y**3 + y
279,0.0,B0 - 2*x**2 ; y ; B1 + y**2,17.8774854455442 - 2*x**2 ; y ; y**2 - 44.6773895453081
280,0.0,B0 + B1*x ; y ; B2 + B3*y**2,30.7748318716363 - 1.3322517446271*x ; y ; 0.0950492706163495*y**2 + 0.147161345923742
281,0.0,B0 + x ; y ; B1 + B2*y + B3*y**2,x - 7.9294653852384 ; y ; 1.00547406875859*y**2 + 2.69349033611453*y - 5.79906573311768
282,0.0,B0 - x**2 ; y ; B1 + B2*y,89.4807640053374 - x**2 ; y ; 1.86060539585616*y - 8.86040678880829
283,0.0,B0 + x ; y ; B1 + B2*y**3,x + 0.00265651686982979 ; y ; 0.00331162730601646*y**3 + 0.0118788916878681
284,0.0,B0 + x ; y ; B1*y**2 + y,x - 4.88621197801476 ; y ; -0.0043488507572559*y**2 + y
285,0.0,B0 + x ; y ; B1 + B2*y,x - 7.21780269826615 ; y ; 5.81633386320798*y - 11.1821883757304
286,0.0,B0 + B1*x**2 ; y ; B2 + B3*y**3,0.0394033268567285*x**2 + 0.043846379032445 ; y ; 0.0736530606236295*y**3 + 0.00167532876034592
287,0.0,B0 + B1*x ; y ; B2 + B3*y + B4*y**2,22.1206113258141 - 0.771447859442049*x ; y ; 0.449523175164938*y**2 - 5.91187690661482*y + 23.1410181359329
288,0.0,B0 + x**2 ; y ; B1*y,x**2 + 0.00106747852938985 ; y ; 0.967689997559208*y
289,0.0,B0 + B1*x ; y ; B2*y + B3*y**2,0.268304261095202*x + 6.48112164480784 ; y ; 0.123728269724934*y**2 - 0.291320624069827*y
290,0.0,B0 + B1*x + x**2 ; y ; B2 + B3*y,x**2 + 66.577042040438*x + 62.1376432876824 ; y ; 1.9151053864087*y - 9.33505529054477
291,0.0,B0 + B1*x ; y ; B2 + B3*y**2 - y**3,195.042627251357 - 13.6371661703893*x ; y ; -y**3 + 8.45244104589061*y**2 - 83.8589707654423
292,0.0,B0 + x ; y ; B1*y**2 + B2*y**3 + y,x - 0.333845797089933 ; y ; 0.0533321195838094*y**3 - 0.605358080560542*y**2 + y
293,0.0,B0 + B1*x ; y ; B2 + B3*y**3,28.7572417569928 - 1.1994985046099*x ; y ; 0.00705274820469144*y**3 + 2.44025882403312
294,0.0,B0 + B1*x + x**2 ; y ; B2*y,x**2 + 0.00326348821532127*x + 0.00796401869243322 ; y ; 0.967675271501095*y
295,0.0,B0 + B1*x + x**2 ; y ; B2*y**2 + y,x**2 + 97.4428586685495*x + 0.0531620794276348 ; y ; -0.00425870430481803*y**2 + y
296,0.0,B0 + B1*x**2 ; y ; B2 + B3*y,0.0748374151511146*x**2 - 2.07072580244051 ; y ; 0.792663919707119*y + 0.483575925681237
297,0.0,B0 + x**2 - x ; y ; -y**4 + y**3 + y,x**2 - x + 0.0355611857441574 ; y ; -y**4 + y**3 + y
298,0.0,B0 + B1*x - x**3 ; y ; B2*y**2 + y,-x**3 + 0.000647243903423973*x - 411.98892466104 ; y ; -0.00422483178019307*y**2 + y
299,0.0,B0 + 2*x ; y ; B1*y + B2*y**2,2*x - 13.4526175784286 ; y ; 0.13046311538126*y**2 - 0.358770476299223*y
300,0.0,B0 + B1*x - x**2 ; y ; B2*y**2 - y**3 + y,-x**2 + 11.6405687553313*x + 12.1741952408799 ; y ; -y**3 + 5.00067855546206*y**2 + y
301,0.0,B0 - x ; y ; B1*y + B2*y**2,25.665723644317 - x ; y ; 0.0991712757317928*y**2 - 0.0300849765026151*y
302,0.0,B0 + x ; y ; B1 + B2*y**2 - y**4,x + 85.1179866332311 ; y ; -y**4 - 1.43381769527365*y**2 - 2.00963702471597
303,0.0,B0 - x ; y ; B1 + B2*y**2,25.6565236109305 - x ; y ; 0.0957954978260293*y**2 + 0.0505665900696249
304,0.0,B0 + 2*x ; y ; B1 + B2*y,2*x - 14.5383038610343 ; y ; 1.17623620694784*y - 1.88594086379476
305,0.0,B0 - x**2 - x ; y ; B1 + B2*y**2 - 2*y**3,-x**2 - x + 144.770188185053 ; y ; -2*y**3 - 53.0318565163401*y**2 + 53.3381346890601
306,0.0,B0 + B1*x ; B2*x + B3*y ; y,33.7549237876441 - 1.52011195652121*x ; 0.373878635402065*x + 0.442773165600848*y ; y
307,0.0,B0 + 2*x ; B1 + B2*x + y ; y,2*x - 21.030017716083 ; 2.73087369100096*x + y - 42.2831472732559 ; y
308,0.0,B0 + x ; B1*y + B2*y**3 + y**2 ; B3 + y,x + 11.3517682453207 ; -0.0599820562323611*y**3 + y**2 - 0.755667936052848*y ; y + 7.74089431741839
309,0.0,B0 - x ; y ; y,20.4781415334374 - x ; y ; y
310,0.0,B0 - 2*x**2 ; B1*x - x**2 ; B2*y**3,-2*x**2 - 12.7514353564512 ; -x**2 + 15.6524227738734*x ; 23.6963409641241*y**3
311,0.0,B0 + 2*x ; y ; B1 + B2*y + B3*y**2,2*x - 10.5066201110127 ; y ; 0.371810068880033*y**2 - 5.39475761065578*y + 14.300314474672
312,0.0,B0*x ; 2*x*y - y**2 ; 2*y**2,9.94451270611297*x ; 2*x*y - y**2 ; 2*y**2
313,0.0,B0 + x ; x ; y,x + 0.146850657987934 ; x ; y
314,0.0,B0 + 2*x ; y ; B1*y**2 + y**3,2*x - 17.7962719602233 ; y ; y**3 + 0.0448888897285112*y**2
315,0.0,B0 - x ; B1 + y ; B2 + y**3,1.66681207578258 - x ; y - 10.5336485621603 ; y**3 + 10.1366913899758
316,0.0,B0 + B1*x + x**2 ; B2 + x ; B3 + y,x**2 - 16.7529667314206*x - 1.47003668962007 ; x + 22.2881898439948 ; y + 15.7506086368178
317,0.0,B0*x ; B1*x*y**2 ; B2 + y**4 + y**2,0.00485716604541726*x ; 0.00220422295448808*x*y**2 ; y**4 + y**2 + 0.00391602519227839
318,0.0,B0 - x ; x*y**2 + y**3 + y**2 ; y,0.00051917679268512 - x ; x*y**2 + y**3 + y**2 ; y
319,0.0,B0 + B1*x ; x ; B2 + B3*y,46.3742935276383 - 1.99585059646819*x ; x ; 1.08215820013614*y + 4.42886883589087
320,0.0,B0 + B1*x ; x*y - y**2 - y ; B2 + B3*y,2.83368324868727*x + 9.20002003347956 ; x*y - y**2 - y ; 5.94990146820629*y - 0.489982320432261
321,0.0,x ; B0 + B1*x ; B2*y,x ; 4.0870797825867*x - 47.792760678964 ; 1.51180414787604*y
322,0.0,B0 + B1*x ; B2*x - x**2 - x*y ; B3*y + B4*y**2,0.00195593437513171*x + 0.00118400453447248 ; -x**2 - x*y + 2.9704642571903*x ; 0.000838174699393774*y**2 + 0.0998139656510354*y
323,0.0,B0 - x ; y ; B1 + B2*y,25.6216212908745 - x ; y ; 1.73245991474204*y - 7.57699770107137
324,0.0,B0 + x ; y ; B1*y + B2*y**2,x - 2.58091084239073 ; y ; 0.1062355080604*y**2 - 0.156420433279562*y
325,0.0,B0 + x ; x ; B1 + B2*y**2,x + 0.268833877067749 ; x ; 0.208879484096352*y**2 - 7.06337448439232
326,0.0,B0*x ; B1 + x ; B2*y**2,0.433033174484893*x ; x - 8.75889563728354 ; 0.0628326236925867*y**2
327,0.0,-x ; B0 + B1*x*y ; B2*y,-x ; 0.693779258361901*x*y - 17.1823073544253 ; -0.182902421935649*y
328,0.0,B0*x ; y ; B1*y + y**2,0.00390408940503631*x ; y ; y**2 + 11.1364147443403*y
329,0.0,B0*x + B1*x**2 ; x ; B2*y**2,-0.194741144122836*x**2 + 4.01333910813839*x ; x ; 0.151090612370747*y**2
330,0.0,B0 + B1*x - 2*x**2 ; y ; B2 + B3*y + B4*y**2,-2*x**2 + 0.0170371635904249*x + 0.340056543169829 ; y ; 0.47756612963615*y**2 - 6.21939480729215*y + 23.7970669569329
331,0.0,B0 + x ; x*y**3 - x*y**2 + y ; B1*y**2,x + 8.49953770844158 ; x*y**3 - x*y**2 + y ; 0.0147968632093562*y**2
332,0.0,B0 - x ; B1 + B2*x + B3*x**2 ; B4 + B5*y,12.9119013362664 - x ; 0.0897352195479522*x**2 + 0.973928667861666*x + 0.00110116165990636 ; 17.3780632816696*y + 3.96347231364734
333,0.0,B0 + x ; B1*x - 2*x**2 + x*y ; B2*y**2 + B3*y**3,x + 0.0620162650283432 ; -2*x**2 + x*y + 3.91146585666733*x ; 0.109501556328967*y**3 + 0.766665423538846*y**2
334,0.0,B0 + B1*x + B2*x**2 ; y ; B3*y - 3*y**2,0.0516854780655166*x**2 - 0.879558660064936*x + 95.9242821746171 ; y ; -3*y**2 - 0.798471873101183*y
335,0.0,B0 + 3*x ; x ; B1*y,3*x - 19.9999999477601 ; x ; 9.55397237027629*y
336,0.0,B0 + B1*x ; B2*x**2*y**2 + x**2 ; B3*y**3 + y**2,22.8362042526154*x + 2.58798129130349 ; -22.9896446442169*x**2*y**2 + x**2 ; 0.579451512328322*y**3 + y**2
337,0.0,B0 - 2*x ; B1 - x ; B2*y - y**2,128.628791951941 - 2*x ; 113.151283248479 - x ; -y**2 + 25.716683208545*y
338,0.0,B0 + x ; B1 + B2*y ; B3*y**3,x - 1.27173089713671 ; 1.70143036562172*y - 1.13247620351907 ; 0.0403316014846114*y**3
339,0.0,B0 + x**2 + 2*x ; B1 + B2*x ; B3*y**2 + y**3,x**2 + 2*x + 20.7406687817878 ; 0.524344603631705*x + 26.4223630002307 ; y**3 + 0.0525962315305291*y**2
340,0.0,B0 + B1*x ; B2*x + 2*y ; B3 + B4*y,0.677110554757164*x + 19.9078029112662 ; 0.685695067542824*x + 2*y ; 1.98842495899565*y + 10.4724440426079
341,0.0,-x**2 + x ; B0 - x ; B1*y,-x**2 + x ; -x - 40.9423224970791 ; 13.8515626048918*y
342,0.0,B0 + B1*x ; B2*x**2 + x**2*y ; B3*y + 2*y**2,0.0139616738118779*x + 0.00920435888410761 ; x**2*y + 0.0447321673334712*x**2 ; 2*y**2 + 0.0208685610409915*y
343,0.0,B0 - x ; B1*x + y ; B2*y**2,26.1249443071703 - x ; 0.0294776613616613*x + y ; 0.100556504387737*y**2
344,0.0,B0 + x ; x ; B1 + B2*y,x + 0.269295583338541 ; x ; 4.53385348186527*y - 31.3694739775463
345,0.0,B0*x ; y ; B1 + B2*y,-17.1280036713564*x ; y ; 0.843754371266205*y + 0.774156635923396
346,0.0,B0 + B1*x + x**2 ; 2*y ; B2*y**3 + B2*y + B3*y**2,x**2 + 21.2034136523699*x + 0.0447326525291674 ; 2*y ; -0.00770743329677823*y**3 + 0.275550404642406*y**2 - 0.00770743329677823*y
347,0.0,B0*x + B1*x**2 ; B2 - x ; B3*y + B4*y**2,-0.0761520334871763*x**2 + 2.20201746000434*x ; 24.4049400941301 - x ; -0.0612560527871782*y**2 + 2.03963661922498*y
348,0.0,B0 - 2*x ; B1*y ; B2 + B3*y,71.1982830940108 - 2*x ; 4.01237728591909*y ; 4.79793575459916*y - 8.03193850766979
349,0.0,B0 - 2*x ; x**2 ; B1*y**2,-2*x - 17.3134233734937 ; x**2 ; 1.0926996058846*y**2
350,0.0,B0 + B1*x + x**2 ; B2*x**5 ; B3*y**2 + B4*y**3,x**2 - 0.0192166556126207*x + 0.197125697587477 ; 0.000345072734346259*x**5 ; 0.104204189992207*y**3 + 24.1381122421766*y**2
351,0.0,B0 + x ; y ; B1*y**2 + y**3,x - 11.5361154259588 ; y ; y**3 + 0.0448888053018956*y**2
352,0.0,B0 + B1*x**2 ; B2*x ; B3 + B4*y,42.703990354192 - 0.00381396044947788*x**2 ; 2.69879563294327*x ; 1.36896003405382*y + 27.7814052719482
353,0.0,B0 + B1*x + x**2 ; B2 - y ; B3 + B4*y,x**2 + 0.0774881146343909*x + 0.000425615435492265 ; -y - 6.0059197451352 ; -0.0692648266771186*y - 15.4961278469487
354,0.0,B0 + B1*x + x**2 ; B2*y + B3*y**3 ; B4 + B5*y,x**2 + 0.271306384532602*x + 0.0167036482412101 ; -0.0190972866087699*y**3 + 11.2837481749398*y ; 7.95311833882822*y + 13.6654981603344
355,0.0,B0 - x ; B1 + B2*x*y - x*y**2 - y ; B3 + B4*y,11.5080867283911 - x ; -x*y**2 + 0.190587996072511*x*y - y + 0.000495232930109334 ; 0.296324261914928*y + 20.9625376561871
356,0.0,B0*x ; x ; B1*y - y**2,1.02046539150289*x ; x ; -y**2 + 7.01055425431882*y
357,0.0,B0 + x ; y ; B1*y**2,x - 0.15367291018758 ; y ; 0.0423550167466056*y**2
358,0.0,B0*x ; -x + y ; B1 + B2*y,-2.14085659529093*x ; -x + y ; 14.8221508705584*y + 198.092074552631
359,0.0,B0 + x ; x ; B1*y,x + 0.250678507013923 ; x ; 1.38437561581727*y
360,0.0,B0 + 2*x ; y ; B1*y + B2*y**2 - y**3,2*x - 17.5772802729074 ; y ; -y**3 + 6.17627996548979*y**2 - 4.20694449510182*y
361,0.0,B0 + 2*x ; 2*y ; B1 + B2*y,2*x - 9.12408629542803 ; 2*y ; 2.16244152829809*y - 1.75926372301001
362,0.0,B0 + B1*x ; B2 + 3*y ; B3*y + 3*y**2,23.1125279804053 - 0.796474174077504*x ; 3*y + 7.33528808765428 ; 3*y**2 + 5.53530369180383*y
363,0.0,B0 + B1*x**2 ; B2*x*y ; B3*y + B4*y**2,6.91261520191245 - 0.24241345423256*x**2 ; -0.376880445373439*x*y ; -0.478730581724694*y**2 - 1.66235988337793*y
364,0.0,B0 - x ; 2*x**2*y + x*y**2 ; B1*y**2,0.00754894018604325 - x ; 2*x**2*y + x*y**2 ; 91.1213259191752*y**2
365,0.0,B0 + B1*x ; 2*x**2 ; B2 + B3*y,5.24804327475195*x + 16.7416488061124 ; 2*x**2 ; 2.44560362255628*y + 15.4974842637725
366,0.0,B0 - x ; x ; B1*y,30.9711119437103 - x ; x ; 1.51942617474034*y
367,0.0,B0 - x ; B1*x - x*y ; B2*y,-x - 17.4796359559529 ; -x*y + 7.54458794341003*x ; -3.40295599328854*y
368,0.0,B0 + 2*x ; B1*x + B2*x**2 + y ; B3*y + B4*y**2,2*x + 13.1707309113055 ; 0.0265154910060267*x**2 + 1.91017688245575*x + y ; 1.51233685623657*y**2 - 10.6157490627645*y
369,0.0,B0 + x**2 - 2*x ; x ; B1 + B2*y,x**2 - 2*x + 259.301306413727 ; x ; 1.35879656391609*y + 86.094508398649
370,0.0,B0 + x ; B1 - x*y - x - y ; B2*y + B3*y**2,x - 8.18645453289261 ; -x*y - x - y + 25.5713972777596 ; 0.562350710485056*y**2 - 7.17960351736948*y
371,0.0,B0 - x**2 - x ; y ; B1*y + 2*y**2,-x**2 - x - 10.7009133140681 ; y ; 2*y**2 - 12.5042977734369*y
372,0.0,B0 + B1*x ; B2*y + B3*y**2 + B4*x*y ; y**2,5.71009169981611*x + 1.17378070928553 ; 1.17396221720746*x*y - 0.922972448155221*y**2 + 0.294448822529995*y ; y**2
373,0.0,B0 + B1*x ; y ; B2*y + 2*y**2,24.15826115661 - 1.12842778030556*x ; y ; 2*y**2 - 12.4964373893086*y
374,0.0,B0 + B1*x ; B2 - y ; B3 + B4*y,52.4207920596541 - 3.61602977375188*x ; 6.79253636033081 - y ; 12.276243370937*y - 128.846797271613
375,0.0,B0 - x ; x ; B1*y + B2*y**2,30.9784533609346 - x ; x ; -0.0267036462883184*y**2 + 1.79049432583342*y
376,0.0,B0 - x ; B1 + B2*x - x**2 ; B3 + B4*y,0.000178793956787327 - x ; -x**2 + 0.676401800657398*x + 0.0102294501029808 ; 0.000100716604330395*y + 0.156725189184317
377,0.0,B0 + x**2 ; -x + y ; B1*y,x**2 - 185.836536445974 ; -x + y ; 14.8484402251866*y
378,0.0,B0 - x ; B1*x ; B2*y,31.1745078997735 - x ; 1.01326847761211*x ; 1.53968023649292*y
379,0.0,B0 - x ; x ; B1 + B2*y,30.9850904332876 - x ; x ; 1.18344499706069*y + 3.40102654568295
380,0.0,B0 - x ; x ; B1*y + 3*y**2,29.5164865657231 - x ; x ; 3*y**2 - 12.8045356636211*y
381,0.0,B0 - x ; B1*x + B2*y ; B3 + B4*y,64.2187149480362 - x ; 0.803864973990187*x + 5.6079795025126*y ; 3.86371204213464*y + 23.3578967878763
382,0.0,B0 + x ; B1*x + B2*y ; B3 + B4*y + B5*y**3,x + 5.01771599245112 ; 0.448334394772634*x + 1.29980956060137*y ; 0.00515991613206339*y**3 + 1.43309408362746*y - 0.0389561445603417
383,0.0,B0 + B1*x ; B2 + B3*y ; B4 + B5*y - y**2,23.010580059544 - 0.530533669098039*x ; 97.4457425759336 - 8.26202141064984*y ; -y**2 + 20.5305384216632*y - 90.327735434708
384,0.0,B0 + x ; x**2 ; B1 + B2*y,x + 80.214442159142 ; x**2 ; 1.99970570417363*y + 65.5947187381578
385,0.0,B0 - x ; B1 + B2*y ; B3 + B4*y,3794.91078057804 - x ; 3.70591061849264*y + 3742.19049827287 ; 4.75622980675018*y + 3731.50089016478
386,0.0,B0 - x ; B1*y ; B2*y,15.1882428459425 - x ; -0.0346646621136969*y ; -0.0669900824504931*y
387,0.0,B0 - x**2 - x ; B1*x**2 + B2*x*y ; B3*y - 3*y**2,-x**2 - x - 5.63690052980616 ; -0.385234743659372*x**2 - 0.244810649225296*x*y ; -3*y**2 - 4.16320410050359*y
388,0.0,B0 + x**2 ; B1*x**2*y - 3*x**2 ; B2 + B3*y**2 + B3*y,x**2 + 27.9488782794103 ; 0.32604016522093*x**2*y - 3*x**2 ; 0.000262189310642654*y**2 + 0.000262189310642654*y + 0.000323792566360151
389,0.0,B0 + 3*x**2 ; x**2 ; B1*y + B2*y**2,3*x**2 + 12.4551639799007 ; x**2 ; 0.00583041642908487*y**2 + 0.714385060620411*y
390,0.0,B0 - x ; x**2*y - x*y**2 - x*y ; B1*y - y**2,0.000165766349318669 - x ; x**2*y - x*y**2 - x*y ; -y**2 + 0.00012963624543714*y
391,0.0,B0 + B1*x ; B2*x ; B3*y,39.1710628941328 - 1.75593346189153*x ; 0.775230261655859*x ; 1.17585654213265*y
392,0.0,B0 + 2*x**2 - x ; B1*y + x*y + y**2 ; B2*y + B3*y**2,2*x**2 - x + 0.00382439232962455 ; x*y + y**2 + 0.0195109638623861*y ; 2.01003339056101*y**2 + 4.06561007338636*y
393,0.0,B0 + x ; B1*y - y**2 ; B2*y,x - 2.82635076037916 ; -y**2 + 7.64694862439331*y ; 0.868817451708793*y
394,0.0,B0 - x ; B1*x*y + x**2*y ; B2 + B3*y,1.16687979435002 - x ; x**2*y + 0.000364621142355799*x*y ; 0.917253460916923*y + 1.06722630360344
395,0.0,B0 - x ; B1*y + 2*x*y ; B2*y + y**2,79.8428952524101 - x ; 2*x*y + 5.98194314803755*y ; y**2 + 15.062554735384*y
396,0.0,B0 + B1*x ; B2*x**3*y ; B3 + B4*y + B5*y**2,0.720373654410753*x - 0.216969048714331 ; 0.000277179750651264*x**3*y ; -0.097842902681748*y**2 + 2.58529933308887*y - 5.28093114786251
397,0.0,B0 + B1*x**2 + x ; B2*y + B3*y**2 + B4*x*y ; B5*y + B6*y**2,0.00235231460342587*x**2 + x + 0.0120180279607404 ; 0.589758500555944*x*y + 0.486796537332103*y**2 + 0.00502646414000773*y ; 0.0617828579389738*y**2 + 0.0246897106149197*y
398,0.0,B0 + 2*x ; x*y ; B1*y - y**3 - 2*y**2,2*x + 548.107465605313 ; x*y ; -y**3 - 2*y**2 + 20.1536576399068*y
399,0.0,B0 + B1*x**2 + x ; B2 + B3*x ; B4 + B5*y**2 + B5*y,-0.139408178314376*x**2 + x + 36.4915510985587 ; 1.16039244505973*x + 0.646486918700988 ; 0.0573854211856017*y**2 + 0.0573854211856017*y + 12.0170940478381
400,0.0,B0 + B1*x ; x**2 ; B2*y + B3*y**2,22.7136498469174*x - 118.972301834112 ; x**2 ; 0.343887635454226*y**2 - 2.86419544036702*y
401,0.0,B0 - x ; x*y ; B1*y + y**2,120.551854075401 - x ; x*y ; y**2 + 7.51718563020903*y
402,0.0,B0 - x ; B1*x**2 - x*y ; B2*y,4.93581228494996 - x ; -0.46576742971208*x**2 - x*y ; 3.52723994393116*y
403,0.0,B0 - x ; B1*x + 2*x**2 ; B2 + B3*y,21.9839572348419 - x ; 2*x**2 + 1.16178983285282*x ; 1.87573133244584*y + 2.64858656047334
404,0.0,B0 + B1*x + x**2 ; x*y ; B2*y + y**2,x**2 - 8.25131114947651*x + 7.95698424240831 ; x*y ; y**2 + 13.5749971293026*y
405,0.0,B0 + B1*x**3 ; x**2 ; B2*y,0.000452668044140672*x**3 + 77.3637428174305 ; x**2 ; 3.95532493809091*y
406,0.0,B0 + B1*x ; x**2 ; B2 + B3*y**2,22.4326361242306*x - 115.115310066904 ; x**2 ; 0.211078547616712*y**2 - 136.422895742899
407,0.0,B0 + B1*x ; x*y ; B2*y + y**2,10.3871801178568*x - 7.36937072113057 ; x*y ; y**2 + 5.37168285673791*y
408,0.0,B0 - x**2 + x ; B1*x ; B2*y + B3*y**3 - y**4,-x**2 + x - 149.20030429378 ; -24.1265795321568*x ; -y**4 + 0.038636206987489*y**3 + 0.00931752143376187*y
409,0.0,B0 - x**2 + x ; B1*x + 2*x**2 ; B2*y**2,-x**2 + x + 4.05276583217849 ; 2*x**2 + 0.000282065923295678*x ; 0.00225828659728794*y**2
410,0.0,B0 + x**2 ; x**2 ; B1*y,x**2 + 0.123873152342618 ; x**2 ; 13.3916977278537*y
411,0.0,B0 - x ; x**2*y ; y**3 - 2*y**2,1.07987416907121 - x ; x**2*y ; y**3 - 2*y**2
412,0.0,B0 + x**2 - x ; x*y ; B1*y**2,x**2 - x + 0.840451141356824 ; x*y ; 0.141397528049834*y**2
413,0.0,B0 + x ; B1*x ; B2*y,x + 30.8006955776209 ; 2.98795842372793*x ; 4.58420005998061*y
414,0.0,B0 + B1*x - x**2 ; B2*x**3 - 2*x**2 ; B3 + B4*y,-x**2 + 0.276528715613489*x - 0.0446558585278036 ; 0.201734013333675*x**3 - 2*x**2 ; 3.28751635720341*y + 3.58583437715698
415,0.0,B0 - x**2 + x ; x*y ; B1 + B2*y,-x**2 + x - 35.9075613609012 ; x*y ; 21.8162231562417*y + 4.60431108913469
416,0.0,B0 - x ; x*y ; B1*y + B2*y**2,117.139629604718 - x ; x*y ; 1.06696696456015*y**2 + 5.45475289915389*y
417,0.0,B0 + B1*x ; x*y ; B2 + B3*y,16.182248572402*x - 93.720865013669 ; x*y ; 21.0954297259079*y - 57.251495837765
418,0.0,B0 - x ; B1*x*y + x**2*y - x*y**2 ; B2*y**2 + B3*y**3,10.3082873048517 - x ; x**2*y - x*y**2 + 0.00535064937233379*x*y ; 2.35292949017651*y**3 + 0.0472874386289024*y**2
419,0.0,B0 - 2*x ; x**2 ; B1*y + B2*y**3 + y**4,102.670622801284 - 2*x ; x**2 ; y**4 + 0.00155282450295344*y**3 + 0.148003304313704*y
420,0.0,B0 - x**2 ; B1*x ; B2 + B3*y,-x**2 - 150.72153358767 ; -25.1995427259418*x ; 14.1442707477744*y - 176.900269620707
421,0.0,B0 + B1*x ; B2*x - x**2 ; B3 + B4*y + B5*y**3,29.8073322767593*x - 41.8837091185448 ; -x**2 + 49.2150809009418*x ; 0.0466299439188746*y**3 + 0.0465243681120536*y + 36.877034237977
422,0.0,B0 - x ; x**2 ; B1 + B2*y,-x - 14.4146303484805 ; x**2 ; 3.98717709658147*y + 46.798951755689
423,0.0,B0 - x ; x*y ; B1*y,164.411272944137 - x ; x*y ; 15.2599654339797*y
424,0.0,B0 + B1*x ; B2*x ; B3*y**2 - y**3,1.42594399574959*x + 2.56466884190514 ; 1.57045138607984*x ; -y**3 + 5.71058160518206*y**2
425,0.0,B0 - 2*x ; x**3 - x**2*y + x*y ; B1*y,0.0643628359213072 - 2*x ; x**3 - x**2*y + x*y ; 0.107103122015248*y
426,0.0,B0 + B1*x ; B2*x + B3*x**3 ; B4*y + B5*y**2,6.1248249519426*x - 6.42172610544797 ; 0.00673485496900642*x**3 + 2.1884684800869*x ; 0.728972853597398*y**2 - 4.03247982359884*y
427,0.0,B0 + B1*x**2 ; B2*x + B3*x**2 ; B4*y + B5*y**2,13.8970505784332 - 0.047433138904538*x**2 ; 0.137856959958753*x**2 - 1.97314706374302*x ; 0.134667624668758*y**2 - 1.1347231010308*y
428,0.0,B0 + B1*x - x**2 ; B2*x + x*y ; B3*y**2,-x**2 + 20.1452657393097*x + 5.12342184123179 ; x*y - 2.73538323928672*x ; 0.999169208077656*y**2
429,0.0,B0 - x ; B1*x - x*y ; B2*y + B3*y**2 - y**3,3.03386015802125 - x ; -x*y + 5.60211767533233*x ; -y**3 + 6.58241052409636*y**2 - 0.322300849915253*y
430,0.0,B0 - x ; x**2 ; B1*y + B2*y**3 + y**2,46.0292151321819 - x ; x**2 ; -0.278537033855813*y**3 + y**2 + 0.653227972834435*y
431,0.0,B0 - x**2 - x ; B1*x ; B2*y + y**3 - y**2,-x**2 - x - 145.159078656542 ; -25.8569993425848*x ; y**3 - y**2 + 8.4331663143263*y
432,0.0,B0 + x ; x**2 ; B1*y + B2*y**2,x + 44.6704227105723 ; x**2 ; 0.305222498943779*y**2 + 2.22271515118781*y
433,0.0,B0 + B1*x - x**2 ; B2*x ; B3*y,-x**2 + 19.4978785809849*x - 52.8961430504464 ; 0.645140456723256*x ; 0.975469281414608*y
434,0.0,B0 - x ; B1*x ; B2*y + B3*y**2,33.0831971956179 - x ; 1.1375788495259*x ; -0.0506982589147229*y**2 + 2.24304072030316*y
435,0.0,B0 - 2*x ; B1*x ; B2 + B3*y,80.9511497782723 - 2*x ; 3.2354546720031*x ; 1.15858352038223*y + 38.1817647552868
436,0.0,B0 + x ; B1*x ; B2*y + y**2,x + 21.659842632138 ; 2.40299948518452*x ; y**2 - 6.32149570294724*y
437,0.0,B0 - x**3 ; B1*x ; B2*y**3 + y**4 - y**2,0.0020011363035128 - x**3 ; 0.275915236209002*x ; y**4 + 83.548562829083*y**3 - y**2
438,0.0,B0 - x ; B1*x ; B2 + B3*y,-x - 155.908885207984 ; 13.1511179819932*x ; 1.58084764787565*y - 195.79865799004
439,0.0,B0 - x ; B1*x ; B2*y + 2*y**2,16.9196912818782 - x ; 0.0822607640228108*x ; 2*y**2 - 13.116747054632*y
440,0.0,B0 + B1*x ; B2*x ; B3*y + B4*y**2,0.197579643603283*x + 29.5210930463059 ; 2.10508283765605*x ; -0.188367417893015*y**2 + 5.1157235155861*y
441,0.0,B0 + B1*x ; B2*x ; B3 + B4*y,39.8709311865619 - 0.40793547117095*x ; 2.1669370238038*x ; 1.37031861071*y + 19.5441273155052
442,0.0,B0 - x ; B1*x ; B2 + B3*y + B4*y**2,59.3139465277904 - x ; 2.83201732876973*x ; -0.39898243804837*y**2 + 8.85221675181933*y - 4.92256515143183
443,0.0,B0 - x ; B1*x ; B2*y - y**2,108.970590254729 - x ; 6.2277917358195*x ; -y**2 + 19.3786557285641*y
444,0.0,B0 - x**2 ; B1*x ; B2*y,-x**2 - 11.3041900505162 ; -15.0783521732372*x ; 15.0944741439207*y
445,0.0,B0 - x**2 ; B1*x ; B2*y**2,45.1789796652485 - x**2 ; 0.169798812705123*x ; 0.0100868096957993*y**2
446,0.0,B0 - x ; B1*x ; B2 + B3*y**3,66.9023442856436 - x ; 3.32392758680671*x ; 0.00548003416228885*y**3 + 45.5160012630563
447,0.0,B0 - 2*x ; B1*x ; B2 + B3*y + B4*y**2,5.55800773951873 - 2*x ; -1.61699717950332*x ; 0.214758025545212*y**2 - 4.39478753925395*y - 0.941561128349326
448,0.0,B0 - 2*x ; B1*x ; B2*y,42.7478904447256 - 2*x ; 0.762173121802216*x ; 1.15617797112597*y
449,0.0,B0 + x ; B1*x ; B2 + B3*y**2,x + 48.1408552646899 ; 4.11020699680149*x ; 0.0878217899425836*y**2 + 54.3733924294534
450,0.0,B0 - 2*x**2 ; B1*x ; B2*y,29.2982399225147 - 2*x**2 ; -0.876400477375939*x ; 13.9944589874694*y
451,0.0,B0 - x ; B1*x ; B2 + B3*y**2,67.4763118926906 - x ; 3.36070928547924*x ; 0.071686544823265*y**2 + 44.4804617035994
452,0.0,B0 - x**2 ; B1*x ; B2*y + B3*y**2,79.9506005673062 - x**2 ; 0.0271861011273161*x ; 0.136108521288636*y**2 - 1.36775079895936*y
453,0.0,B0 + B1*x - x**2 ; B2*x ; B3 + B4*y,-x**2 + 19.2843014962819*x - 52.7274838444782 ; 0.444748825193492*x ; 0.981804399015475*y - 3.15295222446994
454,0.0,B0 + x ; B1*x ; B2 + B3*y,x + 49.8346540496035 ; 4.21920118808664*x ; 1.46096199916799*y + 50.3524257928419
455,0.0,B0 - x**2 - x ; B1*x ; B2*y + B3*y**2,-x**2 - x - 67.2541533436341 ; -20.7549128057734*x ; -0.295605801246826*y**2 + 49.0229531674551*y
456,0.0,B0 + B1*x - x**2 ; B2*x ; B3*y + B4*y**2,-x**2 + 18.8292855432975*x - 116.411781350712 ; -4.16690963864854*x ; 1.95266445880551*y**2 - 25.9915040079372*y
457,0.0,B0 + x ; B1*x ; B2*y + B3*y**2,x + 39.067412389879 ; 3.52244621358306*x ; -0.414022621296449*y**2 + 9.57538412003622*y
458,0.0,B0 - x**3 ; B1*x ; B2 + B3*y,-x**3 - 419.899116760345 ; 0.271667866797152*x ; 0.964907962276345*y - 12.6744837819148
459,0.0,B0 + B1*x ; x ; B2 + y,47.4422358276025 - 2.06552149913928*x ; x ; y + 5.25121960567389
460,0.0,-x ; x ; y,-x ; x ; y
461,0.0,x ; x ; B0 + y**3,x ; x ; y**3 + 25.0840201077716
462,0.0,B0 + x**2 ; x ; B1 + B2*y,x**2 + 449.548562849196 ; x ; 1.16856869966328*y + 88.0212340405905
463,0.0,B0 - x ; x ; y,25.8114733560726 - x ; x ; y
464,0.0,B0 + B1*x + B2*x**2 ; x ; y,0.57255917489893*x**2 - 24.0789759542744*x + 174.80025335195 ; x ; y
465,0.0,x ; x ; y,x ; x ; y
466,0.0,B0*x ; x ; B1 + 3*y,1.02013420863371*x ; x ; 3*y - 16.4192003471007
467,0.0,x ; x ; B0 + B1*y,x ; x ; 13.8895987240161*y + 225.88268164395
468,0.0,B0 + 2*x ; x ; B1*y + B2*y**2,2*x - 9.99999997570115 ; x ; 0.548957793198205*y**2 - 12.7394056811527*y
