node_hash,best_reward_seen,average_reward,variance_rewards,visit_count,L_bound,U_bound,lower_confidence_interval,upper_confidence_interval,is_terminal,is_invalid_constant,num_children,num_parents
"('INTERNAL', ('B0 + M0', '2*M0*M1*y', 'M0 + M1'))",7.889288803433242e-53,2.6297629344777476e-53,2.074695927465904e-105,3,0.04548096112476963,9.751886116991583,0.0063094632097098705,0.6023646356164746,False,False,13,1
"('INTERNAL', ('B0', 'M0', 'M0'))",0.0,0.0,0.0,3,0.0,0.0,0.0063094632097098705,0.6023646356164746,True,True,0,1
"('INTERNAL', ('M0 - M1', 'M0', 'M0'))",0.0,0.0,0.0,3,0.048827558609512156,9.751886116991583,0.0063094632097098705,0.6023646356164746,False,False,16,1
"('INTERNAL', ('M0', 'x', 'M0'))",0.0,0.0,0.0,3,0.01257911709342506,9.751886116991583,0.0063094632097098705,0.6023646356164746,False,False,10,1
"('INTERNAL', ('M0', 'y', 'M0'))",0.0,0.0,0.0,3,0.038933217868938115,9.751886116991583,0.0063094632097098705,0.6023646356164746,False,False,10,1
"('INTERNAL', ('M0', 'M0*M1', 'M0'))",0.0,0.0,0.0,3,0.05756727550993898,9.751886116991583,0.0063094632097098705,0.6023646356164746,False,False,16,1
"('INTERNAL', ('M0', 'M0*M2 + M1*M2', 'M0'))",0.0,0.0,0.0,3,0.05695312477803235,9.751886116991583,0.0063094632097098705,0.6023646356164746,False,False,16,1
"('INTERNAL', ('M0 + M1', 'M0*M2 + M1*M2', 'M0'))",0.0,0.0,0.0,3,0.05627073507591387,9.751886116991583,0.0063094632097098705,0.6023646356164746,False,False,16,1
"('INTERNAL', ('M0 + M1', 'M0*M1 + M1*y', 'M0'))",0.0,0.0,0.0,3,0.05551252429578222,9.751886116991583,0.0063094632097098705,0.6023646356164746,False,False,16,1
"('INTERNAL', ('M0 + M1', '2*M0*y', 'M0'))",0.0,0.0,0.0,3,0.05467006787341372,9.751886116991583,0.0063094632097098705,0.6023646356164746,False,False,16,1
"('INTERNAL', ('M0 + M1', '2*M0*y', 'M0 + M1'))",0.0,0.0,0.0,3,0.05373400518189317,9.751886116991583,0.0063094632097098705,0.6023646356164746,False,False,16,1
"('INTERNAL', ('M0 + x', '2*M0*y', 'M0 + M1'))",0.0,0.0,0.0,3,0.05269393552464811,9.751886116991583,0.0063094632097098705,0.6023646356164746,False,False,16,1
"('INTERNAL', ('M0 - M1 + x', '2*M0*y', 'M0 + M1'))",0.0,0.0,0.0,3,0.051538302572153596,9.751886116991583,0.0063094632097098705,0.6023646356164746,False,False,16,1
"('INTERNAL', ('M0 - M1 + x', '2*M0*M1*y', 'M0 + M1'))",0.0,0.0,0.0,3,0.05025426595827081,9.751886116991583,0.0063094632097098705,0.6023646356164746,False,False,16,1
"('INTERNAL', ('B0 - M0 + x', '2*M0*M1*y', 'M0 + M1'))",0.0,0.0,0.0,3,0.048827558609512156,9.751886116991583,0.0063094632097098705,0.6023646356164746,False,False,16,1
"('INTERNAL', ('B0 - M0 + M1 + x', '2*M0*M1*y', 'M0 + M1'))",0.0,0.0,0.0,3,0.04724232822200254,9.751886116991583,0.0063094632097098705,0.6023646356164746,False,False,16,1
"('INTERNAL', ('B0 + M0', '2*M0*x*y', 'M0 + M1'))",0.0,0.0,0.0,3,0.043523886572288624,9.751886116991583,0.0063094632097098705,0.6023646356164746,False,False,10,1
"('INTERNAL', ('B0 + x', '2*M0*x*y', 'M0 + M1'))",0.0,0.0,0.0,3,0.04134935929175417,9.751886116991583,0.0063094632097098705,0.6023646356164746,False,False,8,1
"('INTERNAL', ('B0 + x', '2*x**2*y', 'M0 + M1'))",0.0,0.0,0.0,3,0.038933217868938115,9.751886116991583,0.0063094632097098705,0.6023646356164746,False,False,5,1
"('INTERNAL', ('B0 + x', '2*x**2*y', 'M0 + M1 + M2'))",0.0,0.0,0.0,3,0.03624861628803138,9.751886116991583,0.0063094632097098705,0.6023646356164746,False,False,5,1
"('INTERNAL', ('B0 + x', '2*x**2*y', 'M0 + M1 + y'))",0.0,0.0,0.0,3,0.03326572564257946,9.751886116991583,0.0063094632097098705,0.6023646356164746,False,False,5,1
"('INTERNAL', ('B0 + x', '2*x**2*y', 'M0 + M1 + M2 + y'))",0.0,0.0,0.0,3,0.029951402703188426,9.751886116991583,0.0063094632097098705,0.6023646356164746,False,False,5,1
"('INTERNAL', ('B0 + x', '2*x**2*y', 'M0 + M1 + 2*y'))",0.0,0.0,0.0,3,0.02626882165942062,9.751886116991583,0.0063094632097098705,0.6023646356164746,False,False,5,1
"('INTERNAL', ('B0 + x', '2*x**2*y', 'M0*M1 + M2 + 2*y'))",0.0,0.0,0.0,3,0.022177064944123054,9.751886116991583,0.0063094632097098705,0.6023646356164746,False,False,2,1
"('INTERNAL', ('B0 + x', '2*x**2*y', 'B1*M0 + M1 + 2*y'))",0.0,0.0,0.0,3,0.017630668593792427,9.617598226178716,0.0063094632097098705,0.6023646356164746,False,False,2,1
"('INTERNAL', ('B0 + x', '2*x**2*y', 'B1*y + M0'))",0.0,0.0,0.0,3,0.01257911709342506,9.751886116991583,0.0063094632097098705,0.6023646356164746,False,False,2,1
"('TERMINAL', ('B0 + x', '2*x**2*y', 'B1*y'))",0.0,0.0,0.0,3,0.0,0.0,0.0063094632097098705,0.6023646356164746,True,False,0,1
"('INTERNAL', ('M0 + M1', 'y', 'M0'))",0.0,0.0,0.0,3,0.03624861628803138,9.751886116991583,0.0063094632097098705,0.6023646356164746,False,False,10,1
"('INTERNAL', ('M0 + M1', 'y', 'M0 + M1'))",0.0,0.0,0.0,3,0.03326572564257946,9.751886116991583,0.0063094632097098705,0.6023646356164746,False,False,10,1
"('INTERNAL', ('B0 + M0', 'y', 'M0 + M1'))",0.0,0.0,0.0,3,0.029951402703188426,9.751886116991583,0.0063094632097098705,0.6023646356164746,False,False,10,1
"('INTERNAL', ('B0 + M0', 'y', 'M0*M1 + M2'))",0.0,0.0,0.0,3,0.02626882165942062,9.751886116991583,0.0063094632097098705,0.6023646356164746,False,False,10,1
"('INTERNAL', ('B0 + M0', 'y', 'M0*M1*M2 + M3'))",0.0,0.0,0.0,3,0.022177064944123054,9.751886116991583,0.0063094632097098705,0.6023646356164746,False,False,10,1
"('INTERNAL', ('B0 + M0', 'y', 'M0*M2*M3 - M1*M2*M3 + M4'))",0.0,0.0,0.0,3,0.017630668593792427,9.751886116991583,0.0063094632097098705,0.6023646356164746,False,False,10,1
"('INTERNAL', ('B0 + M0', 'y', 'B1*M1*M2 - M0*M1*M2 + M3'))",0.0,0.0,0.0,3,0.01257911709342506,9.751886116991583,0.0063094632097098705,0.6023646356164746,False,False,10,1
"('INTERNAL', ('B0', 'y', 'B1*M1*M2 - M0*M1*M2 + M3'))",0.0,0.0,0.0,3,0.0,0.0,0.0063094632097098705,0.6023646356164746,True,True,0,1
"('INTERNAL', ('M0 - M1', 'M0', 'M0*M1'))",0.0,0.0,0.0,3,0.04724232822200254,9.751886116991583,0.0063094632097098705,0.6023646356164746,False,False,16,1
"('INTERNAL', ('M0 + M1 - M2', 'M0', 'M0*M1'))",0.0,0.0,0.0,3,0.04548096112476963,9.751886116991583,0.0063094632097098705,0.6023646356164746,False,False,16,1
"('INTERNAL', ('M0 + M1 - M2', 'M0', 'M0*M2 - M1*M2'))",0.0,0.0,0.0,3,0.043523886572288624,9.751886116991583,0.0063094632097098705,0.6023646356164746,False,False,16,1
"('INTERNAL', ('B0 + M0 - M1', 'M0', 'M0*M2 - M1*M2'))",0.0,0.0,0.0,3,0.04134935929175417,9.751886116991583,0.0063094632097098705,0.6023646356164746,False,False,16,1
"('INTERNAL', ('B0 + M0 - M1', 'M0*M1', 'M0*M2 - M1*M2'))",0.0,0.0,0.0,3,0.038933217868938115,9.751886116991583,0.0063094632097098705,0.6023646356164746,False,False,16,1
"('INTERNAL', ('B0 + M0 - M1', 'M0*x', 'M0*M2 - M1*M2'))",0.0,0.0,0.0,3,0.03624861628803138,9.751886116991583,0.0063094632097098705,0.6023646356164746,False,False,16,1
"('INTERNAL', ('B0 - M0', 'M0*x', 'M0*M2 - M1*M2'))",0.0,0.0,0.0,3,0.03326572564257946,9.751886116991583,0.0063094632097098705,0.6023646356164746,False,False,16,1
"('INTERNAL', ('B0 - M0', 'B1*x', 'M0*M2 - M1*M2'))",0.0,0.0,0.0,3,0.029951402703188426,9.751886116991583,0.0063094632097098705,0.6023646356164746,False,False,10,1
"('INTERNAL', ('B0 - M0', 'B1*x', 'B2*M1 - M0*M1'))",0.0,0.0,0.0,3,0.02626882165942062,9.751886116991583,0.0063094632097098705,0.6023646356164746,False,False,10,1
"('INTERNAL', ('B0 - M0', 'B1*x', 'B2*M2 - M0*M1*M2'))",0.0,0.0,0.0,3,0.022177064944123054,9.751886116991583,0.0063094632097098705,0.6023646356164746,False,False,10,1
"('INTERNAL', ('B0 - M0', 'B1*x', 'B2*M1 + B3*M0*M1'))",0.0,0.0,0.0,3,0.017630668593792427,9.751886116991583,0.0063094632097098705,0.6023646356164746,False,False,10,1
"('INTERNAL', ('B0 - M0', 'B1*x', 'B2*M0 + B3*M0*y'))",0.0,0.0,0.0,3,0.01257911709342506,9.751886116991583,0.0063094632097098705,0.6023646356164746,False,False,7,1
"('INTERNAL', ('B0', 'B1*x', 'B2*M0 + B3*M0*y'))",0.0,0.0,0.0,3,0.0,0.0,0.0063094632097098705,0.6023646356164746,True,True,0,1
"('INTERNAL', ('M0', 'x', 'B0'))",0.0,0.0,0.0,3,0.0,0.0,0.0063094632097098705,0.6023646356164746,True,True,0,1
"('INTERNAL', ('M0 - M1', 'M0*M1', 'M0'))",0.0,0.0,0.0,2,0.0,9.900000000000002,0.008403758659612645,0.7075982261787133,False,False,0,2
"('INTERNAL', ('B0', '2*M0*M1*y', 'M0 + M1'))",0.0,0.0,0.0,2,0.0,9.900000000000002,0.008403758659612645,0.7075982261787133,False,False,0,2
"('INTERNAL', ('B0 + x', '2*M0*M1*y', 'M0 + M1'))",0.0,0.0,0.0,2,0.0,9.900000000000002,0.008403758659612645,0.7075982261787133,False,False,0,2
"('INTERNAL', ('B0 + x', '2*x**2*y', 'B1 + M0 + 2*y'))",0.0,0.0,0.0,2,0.0,9.900000000000002,0.008403758659612645,0.7075982261787133,False,False,0,2
"('INTERNAL', ('M0 - M1', 'y', 'M0'))",0.0,0.0,0.0,2,0.0,9.900000000000002,0.008403758659612645,0.7075982261787133,False,False,0,2
"('INTERNAL', ('B0 + M0', 'y', 'B1*M0*M1 + M2'))",0.0,0.0,0.0,2,0.0,9.900000000000002,0.008403758659612645,0.7075982261787133,False,False,0,2
"('INTERNAL', ('M0 - M1', 'x', 'M0'))",0.0,0.0,0.0,2,0.0,9.900000000000002,0.008403758659612645,0.7075982261787133,False,False,0,2
"('INTERNAL', ('B0 - M0', 'B1*x', 'B2*M0'))",0.0,0.0,0.0,2,0.0,9.900000000000002,0.008403758659612645,0.7075982261787133,False,False,0,2
"('INTERNAL', ('M0 - M1 + x', '2*M0*M2*y - 2*M1*M2*y', 'M0 + M1'))",7.889288803433242e-53,7.889288803433242e-53,,1,0.0,9.900000000000002,0.01257911709342506,0.841886116991581,False,False,0,1
"('INTERNAL', ('B0 + M0 - M1', 'M0*x', 'M0*M1*M3 - M2*M3'))",6.882697311992719e-53,6.882697311992719e-53,,1,0.0,9.900000000000002,0.01257911709342506,0.841886116991581,False,False,0,1
"('INTERNAL', ('B0 + x', 'B1*x*y', 'M0 + M1'))",5.1949641628800685e-54,5.1949641628800685e-54,,1,0.0,9.900000000000002,0.01257911709342506,0.841886116991581,False,False,0,1
"('INTERNAL', ('x', 'M0', 'M0'))",0.0,0.0,,1,0.0,9.900000000000002,0.01257911709342506,0.841886116991581,False,False,0,1
"('INTERNAL', ('M0 + M1', 'M0', 'M0'))",0.0,0.0,,1,0.0,9.900000000000002,0.01257911709342506,0.841886116991581,False,False,0,1
"('INTERNAL', ('M0*M1', 'M0', 'M0'))",0.0,0.0,,1,0.0,9.900000000000002,0.01257911709342506,0.841886116991581,False,False,0,1
"('INTERNAL', ('M0', 'B0', 'M0'))",0.0,0.0,,1,0.0,9.900000000000002,0.01257911709342506,0.841886116991581,True,True,0,1
"('INTERNAL', ('M0', 'M0 + M1', 'M0'))",0.0,0.0,,1,0.0,9.900000000000002,0.01257911709342506,0.841886116991581,False,False,0,1
"('INTERNAL', ('M0', 'M0 - M1', 'M0'))",0.0,0.0,,1,0.0,9.900000000000002,0.01257911709342506,0.841886116991581,False,False,0,1
"('INTERNAL', ('M0', 'M0', 'y'))",0.0,0.0,,1,0.0,9.900000000000002,0.01257911709342506,0.841886116991581,False,False,0,1
"('INTERNAL', ('M0', 'M0', 'B0'))",0.0,0.0,,1,0.0,9.900000000000002,0.01257911709342506,0.841886116991581,True,True,0,1
"('INTERNAL', ('M0', 'M0', 'M0 + M1'))",0.0,0.0,,1,0.0,9.900000000000002,0.01257911709342506,0.841886116991581,False,False,0,1
"('INTERNAL', ('M0', 'M0', 'M0 - M1'))",0.0,0.0,,1,0.0,9.900000000000002,0.01257911709342506,0.841886116991581,False,False,0,1
"('INTERNAL', ('M0', 'M0', 'M0*M1'))",0.0,0.0,,1,0.0,9.900000000000002,0.01257911709342506,0.841886116991581,False,False,0,1
"('INTERNAL', ('x', 'M0*M1', 'M0'))",0.0,0.0,,1,0.0,9.900000000000002,0.01257911709342506,0.841886116991581,False,False,0,1
"('INTERNAL', ('B0', 'M0*M1', 'M0'))",0.0,0.0,,1,0.0,9.900000000000002,0.01257911709342506,0.841886116991581,True,True,0,1
"('INTERNAL', ('M0 + M1', 'M0*M1', 'M0'))",0.0,0.0,,1,0.0,9.900000000000002,0.01257911709342506,0.841886116991581,False,False,0,1
"('INTERNAL', ('M0*M1', 'M0*M1', 'M0'))",0.0,0.0,,1,0.0,9.900000000000002,0.01257911709342506,0.841886116991581,False,False,0,1
"('INTERNAL', ('M0', 'M0*x', 'M0'))",0.0,0.0,,1,0.0,9.900000000000002,0.01257911709342506,0.841886116991581,False,False,0,1
"('INTERNAL', ('M0', 'M0*y', 'M0'))",0.0,0.0,,1,0.0,9.900000000000002,0.01257911709342506,0.841886116991581,False,False,0,1
"('INTERNAL', ('M0', 'B0*M0', 'M0'))",0.0,0.0,,1,0.0,9.900000000000002,0.01257911709342506,0.841886116991581,False,False,0,1
"('INTERNAL', ('M0', 'M0*M2 - M1*M2', 'M0'))",0.0,0.0,,1,0.0,9.900000000000002,0.01257911709342506,0.841886116991581,False,False,0,1
"('INTERNAL', ('M0', 'M0*M1*M2', 'M0'))",0.0,0.0,,1,0.0,9.900000000000002,0.01257911709342506,0.841886116991581,False,False,0,1
"('INTERNAL', ('M0', 'M0*M1', 'y'))",0.0,0.0,,1,0.0,9.900000000000002,0.01257911709342506,0.841886116991581,False,False,0,1
"('INTERNAL', ('M0', 'M0*M1', 'B0'))",0.0,0.0,,1,0.0,9.900000000000002,0.01257911709342506,0.841886116991581,True,True,0,1
"('INTERNAL', ('M0', 'M0*M1', 'M0 + M1'))",0.0,0.0,,1,0.0,9.900000000000002,0.01257911709342506,0.841886116991581,False,False,0,1
"('INTERNAL', ('M0', 'M0*M1', 'M0 - M1'))",0.0,0.0,,1,0.0,9.900000000000002,0.01257911709342506,0.841886116991581,False,False,0,1
"('INTERNAL', ('M0', 'M0*M1', 'M0*M1'))",0.0,0.0,,1,0.0,9.900000000000002,0.01257911709342506,0.841886116991581,False,False,0,1
"('INTERNAL', ('x', 'M0*M2 + M1*M2', 'M0'))",0.0,0.0,,1,0.0,9.900000000000002,0.01257911709342506,0.841886116991581,False,False,0,1
"('INTERNAL', ('B0', 'M0*M2 + M1*M2', 'M0'))",0.0,0.0,,1,0.0,9.900000000000002,0.01257911709342506,0.841886116991581,True,True,0,1
"('INTERNAL', ('M0 - M1', 'M0*M2 + M1*M2', 'M0'))",0.0,0.0,,1,0.0,9.900000000000002,0.01257911709342506,0.841886116991581,False,False,0,1
"('INTERNAL', ('M0*M1', 'M0*M2 + M1*M2', 'M0'))",0.0,0.0,,1,0.0,9.900000000000002,0.01257911709342506,0.841886116991581,False,False,0,1
"('INTERNAL', ('M0', 'M0*M1 + M1*x', 'M0'))",0.0,0.0,,1,0.0,9.900000000000002,0.01257911709342506,0.841886116991581,False,False,0,1
"('INTERNAL', ('M0', 'M0*M1 + M1*y', 'M0'))",0.0,0.0,,1,0.0,9.900000000000002,0.01257911709342506,0.841886116991581,False,False,0,1
"('INTERNAL', ('M0', 'B0*M1 + M0*M1', 'M0'))",0.0,0.0,,1,0.0,9.900000000000002,0.01257911709342506,0.841886116991581,False,False,0,1
"('INTERNAL', ('M0', 'M0*M3 + M1*M3 + M2*M3', 'M0'))",0.0,0.0,,1,0.0,9.900000000000002,0.01257911709342506,0.841886116991581,False,False,0,1
"('INTERNAL', ('M0', 'M0*M3 - M1*M3 + M2*M3', 'M0'))",0.0,0.0,,1,0.0,9.900000000000002,0.01257911709342506,0.841886116991581,False,False,0,1
"('INTERNAL', ('M0', 'M0*M1*M3 + M2*M3', 'M0'))",0.0,0.0,,1,0.0,9.900000000000002,0.01257911709342506,0.841886116991581,False,False,0,1
"('INTERNAL', ('M0', 'M0*M2 + M1*M2', 'y'))",0.0,0.0,,1,0.0,9.900000000000002,0.01257911709342506,0.841886116991581,False,False,0,1
"('INTERNAL', ('M0', 'M0*M2 + M1*M2', 'B0'))",0.0,0.0,,1,0.0,9.900000000000002,0.01257911709342506,0.841886116991581,True,True,0,1
"('INTERNAL', ('M0', 'M0*M2 + M1*M2', 'M0 + M1'))",0.0,0.0,,1,0.0,9.900000000000002,0.01257911709342506,0.841886116991581,False,False,0,1
"('INTERNAL', ('M0', 'M0*M2 + M1*M2', 'M0 - M1'))",0.0,0.0,,1,0.0,9.900000000000002,0.01257911709342506,0.841886116991581,False,False,0,1
"('INTERNAL', ('M0', 'M0*M2 + M1*M2', 'M0*M1'))",0.0,0.0,,1,0.0,9.900000000000002,0.01257911709342506,0.841886116991581,False,False,0,1
"('INTERNAL', ('M0 + x', 'M0*M2 + M1*M2', 'M0'))",0.0,0.0,,1,0.0,9.900000000000002,0.01257911709342506,0.841886116991581,False,False,0,1
"('INTERNAL', ('B0 + M0', 'M0*M2 + M1*M2', 'M0'))",0.0,0.0,,1,0.0,9.900000000000002,0.01257911709342506,0.841886116991581,False,False,0,1
"('INTERNAL', ('M0 + M1 + M2', 'M0*M2 + M1*M2', 'M0'))",0.0,0.0,,1,0.0,9.900000000000002,0.01257911709342506,0.841886116991581,False,False,0,1
"('INTERNAL', ('M0 - M1 + M2', 'M0*M2 + M1*M2', 'M0'))",0.0,0.0,,1,0.0,9.900000000000002,0.01257911709342506,0.841886116991581,False,False,0,1
"('INTERNAL', ('M0*M1 + M2', 'M0*M2 + M1*M2', 'M0'))",0.0,0.0,,1,0.0,9.900000000000002,0.01257911709342506,0.841886116991581,False,False,0,1
"('INTERNAL', ('M0 + M1', 'M0*M1 + M1*x', 'M0'))",0.0,0.0,,1,0.0,9.900000000000002,0.01257911709342506,0.841886116991581,False,False,0,1
"('INTERNAL', ('M0 + M1', 'B0*M1 + M0*M1', 'M0'))",0.0,0.0,,1,0.0,9.900000000000002,0.01257911709342506,0.841886116991581,False,False,0,1
"('INTERNAL', ('M0 + M1', 'M0*M3 + M1*M3 + M2*M3', 'M0'))",0.0,0.0,,1,0.0,9.900000000000002,0.01257911709342506,0.841886116991581,False,False,0,1
"('INTERNAL', ('M0 + M1', 'M0*M3 - M1*M3 + M2*M3', 'M0'))",0.0,0.0,,1,0.0,9.900000000000002,0.01257911709342506,0.841886116991581,False,False,0,1
"('INTERNAL', ('M0 + M1', 'M0*M1*M3 + M2*M3', 'M0'))",0.0,0.0,,1,0.0,9.900000000000002,0.01257911709342506,0.841886116991581,False,False,0,1
"('INTERNAL', ('M0 + M1', 'M0*M2 + M1*M2', 'y'))",0.0,0.0,,1,0.0,9.900000000000002,0.01257911709342506,0.841886116991581,False,False,0,1
"('INTERNAL', ('M0 + M1', 'M0*M2 + M1*M2', 'B0'))",0.0,0.0,,1,0.0,9.900000000000002,0.01257911709342506,0.841886116991581,True,True,0,1
"('INTERNAL', ('M0 + M1', 'M0*M2 + M1*M2', 'M0 + M1'))",0.0,0.0,,1,0.0,9.900000000000002,0.01257911709342506,0.841886116991581,False,False,0,1
"('INTERNAL', ('M0 + M1', 'M0*M2 + M1*M2', 'M0 - M1'))",0.0,0.0,,1,0.0,9.900000000000002,0.01257911709342506,0.841886116991581,False,False,0,1
"('INTERNAL', ('M0 + M1', 'M0*M2 + M1*M2', 'M0*M1'))",0.0,0.0,,1,0.0,9.900000000000002,0.01257911709342506,0.841886116991581,False,False,0,1
"('INTERNAL', ('M0 + x', 'M0*M1 + M1*y', 'M0'))",0.0,0.0,,1,0.0,9.900000000000002,0.01257911709342506,0.841886116991581,False,False,0,1
"('INTERNAL', ('B0 + M0', 'M0*M1 + M1*y', 'M0'))",0.0,0.0,,1,0.0,9.900000000000002,0.01257911709342506,0.841886116991581,False,False,0,1
"('INTERNAL', ('M0 + M1 + M2', 'M0*M1 + M1*y', 'M0'))",0.0,0.0,,1,0.0,9.900000000000002,0.01257911709342506,0.841886116991581,False,False,0,1
"('INTERNAL', ('M0 - M1 + M2', 'M0*M1 + M1*y', 'M0'))",0.0,0.0,,1,0.0,9.900000000000002,0.01257911709342506,0.841886116991581,False,False,0,1
"('INTERNAL', ('M0*M1 + M2', 'M0*M1 + M1*y', 'M0'))",0.0,0.0,,1,0.0,9.900000000000002,0.01257911709342506,0.841886116991581,False,False,0,1
"('INTERNAL', ('M0 + M1', 'M0*x + M0*y', 'M0'))",0.0,0.0,,1,0.0,9.900000000000002,0.01257911709342506,0.841886116991581,False,False,0,1
"('INTERNAL', ('M0 + M1', 'B0*M0 + M0*y', 'M0'))",0.0,0.0,,1,0.0,9.900000000000002,0.01257911709342506,0.841886116991581,False,False,0,1
"('INTERNAL', ('M0 + M1', 'M0*M2 + M1*M2 + M2*y', 'M0'))",0.0,0.0,,1,0.0,9.900000000000002,0.01257911709342506,0.841886116991581,False,False,0,1
"('INTERNAL', ('M0 + M1', 'M0*M2 - M1*M2 + M2*y', 'M0'))",0.0,0.0,,1,0.0,9.900000000000002,0.01257911709342506,0.841886116991581,False,False,0,1
"('INTERNAL', ('M0 + M1', 'M0*M1*M2 + M2*y', 'M0'))",0.0,0.0,,1,0.0,9.900000000000002,0.01257911709342506,0.841886116991581,False,False,0,1
"('INTERNAL', ('M0 + M1', 'M0*M1 + M1*y', 'y'))",0.0,0.0,,1,0.0,9.900000000000002,0.01257911709342506,0.841886116991581,False,False,0,1
"('INTERNAL', ('M0 + M1', 'M0*M1 + M1*y', 'B0'))",0.0,0.0,,1,0.0,9.900000000000002,0.01257911709342506,0.841886116991581,True,True,0,1
"('INTERNAL', ('M0 + M1', 'M0*M1 + M1*y', 'M0 + M1'))",0.0,0.0,,1,0.0,9.900000000000002,0.01257911709342506,0.841886116991581,False,False,0,1
"('INTERNAL', ('M0 + M1', 'M0*M1 + M1*y', 'M0 - M1'))",0.0,0.0,,1,0.0,9.900000000000002,0.01257911709342506,0.841886116991581,False,False,0,1
"('INTERNAL', ('M0 + M1', 'M0*M1 + M1*y', 'M0*M1'))",0.0,0.0,,1,0.0,9.900000000000002,0.01257911709342506,0.841886116991581,False,False,0,1
"('INTERNAL', ('M0 + x', '2*M0*y', 'M0'))",0.0,0.0,,1,0.0,9.900000000000002,0.01257911709342506,0.841886116991581,False,False,0,1
"('INTERNAL', ('B0 + M0', '2*M0*y', 'M0'))",0.0,0.0,,1,0.0,9.900000000000002,0.01257911709342506,0.841886116991581,False,False,0,1
"('INTERNAL', ('M0 + M1 + M2', '2*M0*y', 'M0'))",0.0,0.0,,1,0.0,9.900000000000002,0.01257911709342506,0.841886116991581,False,False,0,1
"('INTERNAL', ('M0 - M1 + M2', '2*M0*y', 'M0'))",0.0,0.0,,1,0.0,9.900000000000002,0.01257911709342506,0.841886116991581,False,False,0,1
"('INTERNAL', ('M0*M1 + M2', '2*M0*y', 'M0'))",0.0,0.0,,1,0.0,9.900000000000002,0.01257911709342506,0.841886116991581,False,False,0,1
"('INTERNAL', ('M0 + M1', '2*x*y', 'M0'))",0.0,0.0,,1,0.0,9.900000000000002,0.01257911709342506,0.841886116991581,False,False,0,1
"('INTERNAL', ('M0 + M1', '2*y**2', 'M0'))",0.0,0.0,,1,0.0,9.900000000000002,0.01257911709342506,0.841886116991581,False,False,0,1
"('INTERNAL', ('M0 + M1', 'B0*y', 'M0'))",0.0,0.0,,1,0.0,9.900000000000002,0.01257911709342506,0.841886116991581,False,False,0,1
"('INTERNAL', ('M0 + M1', '2*M0*y + 2*M1*y', 'M0'))",0.0,0.0,,1,0.0,9.900000000000002,0.01257911709342506,0.841886116991581,False,False,0,1
"('INTERNAL', ('M0 + M1', '2*M0*y - 2*M1*y', 'M0'))",0.0,0.0,,1,0.0,9.900000000000002,0.01257911709342506,0.841886116991581,False,False,0,1
"('INTERNAL', ('M0 + M1', '2*M0*M1*y', 'M0'))",0.0,0.0,,1,0.0,9.900000000000002,0.01257911709342506,0.841886116991581,False,False,0,1
"('INTERNAL', ('M0 + M1', '2*M0*y', 'y'))",0.0,0.0,,1,0.0,9.900000000000002,0.01257911709342506,0.841886116991581,False,False,0,1
"('INTERNAL', ('M0 + M1', '2*M0*y', 'B0'))",0.0,0.0,,1,0.0,9.900000000000002,0.01257911709342506,0.841886116991581,True,True,0,1
"('INTERNAL', ('M0 + M1', '2*M0*y', 'M0 - M1'))",0.0,0.0,,1,0.0,9.900000000000002,0.01257911709342506,0.841886116991581,False,False,0,1
"('INTERNAL', ('M0 + M1', '2*M0*y', 'M0*M1'))",0.0,0.0,,1,0.0,9.900000000000002,0.01257911709342506,0.841886116991581,False,False,0,1
"('INTERNAL', ('B0 + M0', '2*M0*y', 'M0 + M1'))",0.0,0.0,,1,0.0,9.900000000000002,0.01257911709342506,0.841886116991581,False,False,0,1
"('INTERNAL', ('M0 + M1 + M2', '2*M0*y', 'M0 + M1'))",0.0,0.0,,1,0.0,9.900000000000002,0.01257911709342506,0.841886116991581,False,False,0,1
"('INTERNAL', ('M0 - M1 + M2', '2*M0*y', 'M0 + M1'))",0.0,0.0,,1,0.0,9.900000000000002,0.01257911709342506,0.841886116991581,False,False,0,1
"('INTERNAL', ('M0*M1 + M2', '2*M0*y', 'M0 + M1'))",0.0,0.0,,1,0.0,9.900000000000002,0.01257911709342506,0.841886116991581,False,False,0,1
"('INTERNAL', ('M0 + M1', '2*x*y', 'M0 + M1'))",0.0,0.0,,1,0.0,9.900000000000002,0.01257911709342506,0.841886116991581,False,False,0,1
"('INTERNAL', ('M0 + M1', '2*y**2', 'M0 + M1'))",0.0,0.0,,1,0.0,9.900000000000002,0.01257911709342506,0.841886116991581,False,False,0,1
"('INTERNAL', ('M0 + M1', 'B0*y', 'M0 + M1'))",0.0,0.0,,1,0.0,9.900000000000002,0.01257911709342506,0.841886116991581,False,False,0,1
"('INTERNAL', ('M0 + M1', '2*M0*y + 2*M1*y', 'M0 + M1'))",0.0,0.0,,1,0.0,9.900000000000002,0.01257911709342506,0.841886116991581,False,False,0,1
"('INTERNAL', ('M0 + M1', '2*M0*y - 2*M1*y', 'M0 + M1'))",0.0,0.0,,1,0.0,9.900000000000002,0.01257911709342506,0.841886116991581,False,False,0,1
"('INTERNAL', ('M0 + M1', '2*M0*M1*y', 'M0 + M1'))",0.0,0.0,,1,0.0,9.900000000000002,0.01257911709342506,0.841886116991581,False,False,0,1
"('INTERNAL', ('M0 + M1', '2*M0*y', 'M0 + y'))",0.0,0.0,,1,0.0,9.900000000000002,0.01257911709342506,0.841886116991581,False,False,0,1
"('INTERNAL', ('M0 + M1', '2*M0*y', 'B0 + M0'))",0.0,0.0,,1,0.0,9.900000000000002,0.01257911709342506,0.841886116991581,False,False,0,1
"('INTERNAL', ('M0 + M1', '2*M0*y', 'M0 + M1 + M2'))",0.0,0.0,,1,0.0,9.900000000000002,0.01257911709342506,0.841886116991581,False,False,0,1
"('INTERNAL', ('M0 + M1', '2*M0*y', 'M0 - M1 + M2'))",0.0,0.0,,1,0.0,9.900000000000002,0.01257911709342506,0.841886116991581,False,False,0,1
"('INTERNAL', ('M0 + M1', '2*M0*y', 'M0*M1 + M2'))",0.0,0.0,,1,0.0,9.900000000000002,0.01257911709342506,0.841886116991581,False,False,0,1
"('INTERNAL', ('2*x', '2*M0*y', 'M0 + M1'))",0.0,0.0,,1,0.0,9.900000000000002,0.01257911709342506,0.841886116991581,False,False,0,1
"('INTERNAL', ('B0 + x', '2*M0*y', 'M0 + M1'))",0.0,0.0,,1,0.0,9.900000000000002,0.01257911709342506,0.841886116991581,False,False,0,1
"('INTERNAL', ('M0 + M1 + x', '2*M0*y', 'M0 + M1'))",0.0,0.0,,1,0.0,9.900000000000002,0.01257911709342506,0.841886116991581,False,False,0,1
"('INTERNAL', ('M0*M1 + x', '2*M0*y', 'M0 + M1'))",0.0,0.0,,1,0.0,9.900000000000002,0.01257911709342506,0.841886116991581,False,False,0,1
"('INTERNAL', ('M0 + x', '2*x*y', 'M0 + M1'))",0.0,0.0,,1,0.0,9.900000000000002,0.01257911709342506,0.841886116991581,False,False,0,1
"('INTERNAL', ('M0 + x', '2*y**2', 'M0 + M1'))",0.0,0.0,,1,0.0,9.900000000000002,0.01257911709342506,0.841886116991581,False,False,0,1
"('INTERNAL', ('M0 + x', 'B0*y', 'M0 + M1'))",0.0,0.0,,1,0.0,9.900000000000002,0.01257911709342506,0.841886116991581,False,False,0,1
"('INTERNAL', ('M0 + x', '2*M0*y + 2*M1*y', 'M0 + M1'))",0.0,0.0,,1,0.0,9.900000000000002,0.01257911709342506,0.841886116991581,False,False,0,1
"('INTERNAL', ('M0 + x', '2*M0*y - 2*M1*y', 'M0 + M1'))",0.0,0.0,,1,0.0,9.900000000000002,0.01257911709342506,0.841886116991581,False,False,0,1
"('INTERNAL', ('M0 + x', '2*M0*M1*y', 'M0 + M1'))",0.0,0.0,,1,0.0,9.900000000000002,0.01257911709342506,0.841886116991581,False,False,0,1
"('INTERNAL', ('M0 + x', '2*M0*y', 'M0 + y'))",0.0,0.0,,1,0.0,9.900000000000002,0.01257911709342506,0.841886116991581,False,False,0,1
"('INTERNAL', ('M0 + x', '2*M0*y', 'B0 + M0'))",0.0,0.0,,1,0.0,9.900000000000002,0.01257911709342506,0.841886116991581,False,False,0,1
"('INTERNAL', ('M0 + x', '2*M0*y', 'M0 + M1 + M2'))",0.0,0.0,,1,0.0,9.900000000000002,0.01257911709342506,0.841886116991581,False,False,0,1
"('INTERNAL', ('M0 + x', '2*M0*y', 'M0 - M1 + M2'))",0.0,0.0,,1,0.0,9.900000000000002,0.01257911709342506,0.841886116991581,False,False,0,1
"('INTERNAL', ('M0 + x', '2*M0*y', 'M0*M1 + M2'))",0.0,0.0,,1,0.0,9.900000000000002,0.01257911709342506,0.841886116991581,False,False,0,1
"('INTERNAL', ('-M0 + 2*x', '2*M0*y', 'M0 + M1'))",0.0,0.0,,1,0.0,9.900000000000002,0.01257911709342506,0.841886116991581,False,False,0,1
"('INTERNAL', ('B0 - M0 + x', '2*M0*y', 'M0 + M1'))",0.0,0.0,,1,0.0,9.900000000000002,0.01257911709342506,0.841886116991581,False,False,0,1
"('INTERNAL', ('M0 + M1 - M2 + x', '2*M0*y', 'M0 + M1'))",0.0,0.0,,1,0.0,9.900000000000002,0.01257911709342506,0.841886116991581,False,False,0,1
"('INTERNAL', ('M0 - M1 - M2 + x', '2*M0*y', 'M0 + M1'))",0.0,0.0,,1,0.0,9.900000000000002,0.01257911709342506,0.841886116991581,False,False,0,1
"('INTERNAL', ('M0*M1 - M2 + x', '2*M0*y', 'M0 + M1'))",0.0,0.0,,1,0.0,9.900000000000002,0.01257911709342506,0.841886116991581,False,False,0,1
"('INTERNAL', ('M0 - M1 + x', '2*x*y', 'M0 + M1'))",0.0,0.0,,1,0.0,9.900000000000002,0.01257911709342506,0.841886116991581,False,False,0,1
"('INTERNAL', ('M0 - M1 + x', '2*y**2', 'M0 + M1'))",0.0,0.0,,1,0.0,9.900000000000002,0.01257911709342506,0.841886116991581,False,False,0,1
"('INTERNAL', ('M0 - M1 + x', 'B0*y', 'M0 + M1'))",0.0,0.0,,1,0.0,9.900000000000002,0.01257911709342506,0.841886116991581,False,False,0,1
"('INTERNAL', ('M0 - M1 + x', '2*M0*y + 2*M1*y', 'M0 + M1'))",0.0,0.0,,1,0.0,9.900000000000002,0.01257911709342506,0.841886116991581,False,False,0,1
"('INTERNAL', ('M0 - M1 + x', '2*M0*y - 2*M1*y', 'M0 + M1'))",0.0,0.0,,1,0.0,9.900000000000002,0.01257911709342506,0.841886116991581,False,False,0,1
"('INTERNAL', ('M0 - M1 + x', '2*M0*y', 'M0 + y'))",0.0,0.0,,1,0.0,9.900000000000002,0.01257911709342506,0.841886116991581,False,False,0,1
"('INTERNAL', ('M0 - M1 + x', '2*M0*y', 'B0 + M0'))",0.0,0.0,,1,0.0,9.900000000000002,0.01257911709342506,0.841886116991581,False,False,0,1
"('INTERNAL', ('M0 - M1 + x', '2*M0*y', 'M0 + M1 + M2'))",0.0,0.0,,1,0.0,9.900000000000002,0.01257911709342506,0.841886116991581,False,False,0,1
"('INTERNAL', ('M0 - M1 + x', '2*M0*y', 'M0 - M1 + M2'))",0.0,0.0,,1,0.0,9.900000000000002,0.01257911709342506,0.841886116991581,False,False,0,1
"('INTERNAL', ('M0 - M1 + x', '2*M0*y', 'M0*M1 + M2'))",0.0,0.0,,1,0.0,9.900000000000002,0.01257911709342506,0.841886116991581,False,False,0,1
"('INTERNAL', ('-M0 + 2*x', '2*M0*M1*y', 'M0 + M1'))",0.0,0.0,,1,0.0,9.900000000000002,0.01257911709342506,0.841886116991581,False,False,0,1
"('INTERNAL', ('M0 + M1 - M2 + x', '2*M0*M1*y', 'M0 + M1'))",0.0,0.0,,1,0.0,9.900000000000002,0.01257911709342506,0.841886116991581,False,False,0,1
"('INTERNAL', ('M0 - M1 - M2 + x', '2*M0*M1*y', 'M0 + M1'))",0.0,0.0,,1,0.0,9.900000000000002,0.01257911709342506,0.841886116991581,False,False,0,1
"('INTERNAL', ('M0*M1 - M2 + x', '2*M0*M1*y', 'M0 + M1'))",0.0,0.0,,1,0.0,9.900000000000002,0.01257911709342506,0.841886116991581,False,False,0,1
"('INTERNAL', ('M0 - M1 + x', '2*M0*x*y', 'M0 + M1'))",0.0,0.0,,1,0.0,9.900000000000002,0.01257911709342506,0.841886116991581,False,False,0,1
"('INTERNAL', ('M0 - M1 + x', '2*M0*y**2', 'M0 + M1'))",0.0,0.0,,1,0.0,9.900000000000002,0.01257911709342506,0.841886116991581,False,False,0,1
"('INTERNAL', ('M0 - M1 + x', 'B0*M0*y', 'M0 + M1'))",0.0,0.0,,1,0.0,9.900000000000002,0.01257911709342506,0.841886116991581,False,False,0,1
"('INTERNAL', ('M0 - M1 + x', '2*M0*M2*y + 2*M1*M2*y', 'M0 + M1'))",0.0,0.0,,1,0.0,9.900000000000002,0.01257911709342506,0.841886116991581,False,False,0,1
"('INTERNAL', ('M0 - M1 + x', '2*M0*M1*M2*y', 'M0 + M1'))",0.0,0.0,,1,0.0,9.900000000000002,0.01257911709342506,0.841886116991581,False,False,0,1
"('INTERNAL', ('M0 - M1 + x', '2*M0*M1*y', 'M0 + y'))",0.0,0.0,,1,0.0,9.900000000000002,0.01257911709342506,0.841886116991581,False,False,0,1
"('INTERNAL', ('M0 - M1 + x', '2*M0*M1*y', 'B0 + M0'))",0.0,0.0,,1,0.0,9.900000000000002,0.01257911709342506,0.841886116991581,False,False,0,1
"('INTERNAL', ('M0 - M1 + x', '2*M0*M1*y', 'M0 + M1 + M2'))",0.0,0.0,,1,0.0,9.900000000000002,0.01257911709342506,0.841886116991581,False,False,0,1
"('INTERNAL', ('M0 - M1 + x', '2*M0*M1*y', 'M0 - M1 + M2'))",0.0,0.0,,1,0.0,9.900000000000002,0.01257911709342506,0.841886116991581,False,False,0,1
"('INTERNAL', ('M0 - M1 + x', '2*M0*M1*y', 'M0*M1 + M2'))",0.0,0.0,,1,0.0,9.900000000000002,0.01257911709342506,0.841886116991581,False,False,0,1
"('INTERNAL', ('B0 - M0 - M1 + x', '2*M0*M1*y', 'M0 + M1'))",0.0,0.0,,1,0.0,9.900000000000002,0.01257911709342506,0.841886116991581,False,False,0,1
"('INTERNAL', ('B0 - M0*M1 + x', '2*M0*M1*y', 'M0 + M1'))",0.0,0.0,,1,0.0,9.900000000000002,0.01257911709342506,0.841886116991581,False,False,0,1
"('INTERNAL', ('B0 - M0 + x', '2*M0*x*y', 'M0 + M1'))",0.0,0.0,,1,0.0,9.900000000000002,0.01257911709342506,0.841886116991581,False,False,0,1
"('INTERNAL', ('B0 - M0 + x', '2*M0*y**2', 'M0 + M1'))",0.0,0.0,,1,0.0,9.900000000000002,0.01257911709342506,0.841886116991581,False,False,0,1
"('INTERNAL', ('B0 - M0 + x', 'B1*M0*y', 'M0 + M1'))",0.0,0.0,,1,0.0,9.900000000000002,0.01257911709342506,0.841886116991581,False,False,0,1
"('INTERNAL', ('B0 - M0 + x', '2*M0*M2*y + 2*M1*M2*y', 'M0 + M1'))",0.0,0.0,,1,0.0,9.900000000000002,0.01257911709342506,0.841886116991581,False,False,0,1
"('INTERNAL', ('B0 - M0 + x', '2*M0*M2*y - 2*M1*M2*y', 'M0 + M1'))",0.0,0.0,,1,0.0,9.900000000000002,0.01257911709342506,0.841886116991581,False,False,0,1
"('INTERNAL', ('B0 - M0 + x', '2*M0*M1*M2*y', 'M0 + M1'))",0.0,0.0,,1,0.0,9.900000000000002,0.01257911709342506,0.841886116991581,False,False,0,1
"('INTERNAL', ('B0 - M0 + x', '2*M0*M1*y', 'M0 + y'))",0.0,0.0,,1,0.0,9.900000000000002,0.01257911709342506,0.841886116991581,False,False,0,1
"('INTERNAL', ('B0 - M0 + x', '2*M0*M1*y', 'B1 + M0'))",0.0,0.0,,1,0.0,9.900000000000002,0.01257911709342506,0.841886116991581,False,False,0,1
"('INTERNAL', ('B0 - M0 + x', '2*M0*M1*y', 'M0 + M1 + M2'))",0.0,0.0,,1,0.0,9.900000000000002,0.01257911709342506,0.841886116991581,False,False,0,1
"('INTERNAL', ('B0 - M0 + x', '2*M0*M1*y', 'M0 - M1 + M2'))",0.0,0.0,,1,0.0,9.900000000000002,0.01257911709342506,0.841886116991581,False,False,0,1
"('INTERNAL', ('B0 - M0 + x', '2*M0*M1*y', 'M0*M1 + M2'))",0.0,0.0,,1,0.0,9.900000000000002,0.01257911709342506,0.841886116991581,False,False,0,1
"('INTERNAL', ('B0 + M0 + x', '2*M0*M1*y', 'M0 + M1'))",0.0,0.0,,1,0.0,9.900000000000002,0.01257911709342506,0.841886116991581,False,False,0,1
"('INTERNAL', ('B0 - M0 - M1 + M2 + x', '2*M0*M1*y', 'M0 + M1'))",0.0,0.0,,1,0.0,9.900000000000002,0.01257911709342506,0.841886116991581,False,False,0,1
"('INTERNAL', ('B0 - M0 + M1 + M2 + x', '2*M0*M1*y', 'M0 + M1'))",0.0,0.0,,1,0.0,9.900000000000002,0.01257911709342506,0.841886116991581,False,False,0,1
"('INTERNAL', ('B0 - M0*M1 + M2 + x', '2*M0*M1*y', 'M0 + M1'))",0.0,0.0,,1,0.0,9.900000000000002,0.01257911709342506,0.841886116991581,False,False,0,1
"('INTERNAL', ('B0 - M0 + M1 + x', '2*M0*x*y', 'M0 + M1'))",0.0,0.0,,1,0.0,9.900000000000002,0.01257911709342506,0.841886116991581,False,False,0,1
"('INTERNAL', ('B0 - M0 + M1 + x', '2*M0*y**2', 'M0 + M1'))",0.0,0.0,,1,0.0,9.900000000000002,0.01257911709342506,0.841886116991581,False,False,0,1
"('INTERNAL', ('B0 - M0 + M1 + x', 'B1*M0*y', 'M0 + M1'))",0.0,0.0,,1,0.0,9.900000000000002,0.01257911709342506,0.841886116991581,False,False,0,1
"('INTERNAL', ('B0 - M0 + M1 + x', '2*M0*M2*y + 2*M1*M2*y', 'M0 + M1'))",0.0,0.0,,1,0.0,9.900000000000002,0.01257911709342506,0.841886116991581,False,False,0,1
"('INTERNAL', ('B0 - M0 + M1 + x', '2*M0*M2*y - 2*M1*M2*y', 'M0 + M1'))",0.0,0.0,,1,0.0,9.900000000000002,0.01257911709342506,0.841886116991581,False,False,0,1
"('INTERNAL', ('B0 - M0 + M1 + x', '2*M0*M1*M2*y', 'M0 + M1'))",0.0,0.0,,1,0.0,9.900000000000002,0.01257911709342506,0.841886116991581,False,False,0,1
"('INTERNAL', ('B0 - M0 + M1 + x', '2*M0*M1*y', 'M0 + y'))",0.0,0.0,,1,0.0,9.900000000000002,0.01257911709342506,0.841886116991581,False,False,0,1
"('INTERNAL', ('B0 - M0 + M1 + x', '2*M0*M1*y', 'B1 + M0'))",0.0,0.0,,1,0.0,9.900000000000002,0.01257911709342506,0.841886116991581,False,False,0,1
"('INTERNAL', ('B0 - M0 + M1 + x', '2*M0*M1*y', 'M0 + M1 + M2'))",0.0,0.0,,1,0.0,9.900000000000002,0.01257911709342506,0.841886116991581,False,False,0,1
"('INTERNAL', ('B0 - M0 + M1 + x', '2*M0*M1*y', 'M0 - M1 + M2'))",0.0,0.0,,1,0.0,9.900000000000002,0.01257911709342506,0.841886116991581,False,False,0,1
"('INTERNAL', ('B0 - M0 + M1 + x', '2*M0*M1*y', 'M0*M1 + M2'))",0.0,0.0,,1,0.0,9.900000000000002,0.01257911709342506,0.841886116991581,False,False,0,1
"('INTERNAL', ('B0 + M0', '2*M0*y**2', 'M0 + M1'))",0.0,0.0,,1,0.0,9.900000000000002,0.01257911709342506,0.841886116991581,False,False,0,1
"('INTERNAL', ('B0 + M0', 'B1*M0*y', 'M0 + M1'))",0.0,0.0,,1,0.0,9.900000000000002,0.01257911709342506,0.841886116991581,False,False,0,1
"('INTERNAL', ('B0 + M0', '2*M0*M2*y + 2*M1*M2*y', 'M0 + M1'))",0.0,0.0,,1,0.0,9.900000000000002,0.01257911709342506,0.841886116991581,False,False,0,1
"('INTERNAL', ('B0 + M0', '2*M0*M2*y - 2*M1*M2*y', 'M0 + M1'))",0.0,0.0,,1,0.0,9.900000000000002,0.01257911709342506,0.841886116991581,False,False,0,1
"('INTERNAL', ('B0 + M0', '2*M0*M1*M2*y', 'M0 + M1'))",0.0,0.0,,1,0.0,9.900000000000002,0.01257911709342506,0.841886116991581,False,False,0,1
"('INTERNAL', ('B0 + M0', '2*M0*M1*y', 'M0 + y'))",0.0,0.0,,1,0.0,9.900000000000002,0.01257911709342506,0.841886116991581,False,False,0,1
"('INTERNAL', ('B0 + M0', '2*M0*M1*y', 'B1 + M0'))",0.0,0.0,,1,0.0,9.900000000000002,0.01257911709342506,0.841886116991581,False,False,0,1
"('INTERNAL', ('B0 + M0', '2*M0*M1*y', 'M0 + M1 + M2'))",0.0,0.0,,1,0.0,9.900000000000002,0.01257911709342506,0.841886116991581,False,False,0,1
"('INTERNAL', ('B0 + M0', '2*M0*M1*y', 'M0 - M1 + M2'))",0.0,0.0,,1,0.0,9.900000000000002,0.01257911709342506,0.841886116991581,False,False,0,1
"('INTERNAL', ('B0 + M0', '2*M0*M1*y', 'M0*M1 + M2'))",0.0,0.0,,1,0.0,9.900000000000002,0.01257911709342506,0.841886116991581,False,False,0,1
"('INTERNAL', ('B0', '2*M0*x*y', 'M0 + M1'))",0.0,0.0,,1,0.0,9.900000000000002,0.01257911709342506,0.841886116991581,False,False,0,1
"('INTERNAL', ('B0 + M0', '2*x**2*y', 'M0 + M1'))",0.0,0.0,,1,0.0,9.900000000000002,0.01257911709342506,0.841886116991581,False,False,0,1
"('INTERNAL', ('B0 + M0', '2*x*y**2', 'M0 + M1'))",0.0,0.0,,1,0.0,9.900000000000002,0.01257911709342506,0.841886116991581,False,False,0,1
"('INTERNAL', ('B0 + M0', 'B1*x*y', 'M0 + M1'))",0.0,0.0,,1,0.0,9.900000000000002,0.01257911709342506,0.841886116991581,False,False,0,1
"('INTERNAL', ('B0 + M0', '2*M0*x*y', 'M0 + y'))",0.0,0.0,,1,0.0,9.900000000000002,0.01257911709342506,0.841886116991581,False,False,0,1
"('INTERNAL', ('B0 + M0', '2*M0*x*y', 'B1 + M0'))",0.0,0.0,,1,0.0,9.900000000000002,0.01257911709342506,0.841886116991581,False,False,0,1
"('INTERNAL', ('B0 + M0', '2*M0*x*y', 'M0 + M1 + M2'))",0.0,0.0,,1,0.0,9.900000000000002,0.01257911709342506,0.841886116991581,False,False,0,1
"('INTERNAL', ('B0 + M0', '2*M0*x*y', 'M0 - M1 + M2'))",0.0,0.0,,1,0.0,9.900000000000002,0.01257911709342506,0.841886116991581,False,False,0,1
"('INTERNAL', ('B0 + M0', '2*M0*x*y', 'M0*M1 + M2'))",0.0,0.0,,1,0.0,9.900000000000002,0.01257911709342506,0.841886116991581,False,False,0,1
"('INTERNAL', ('B0 + x', '2*x*y**2', 'M0 + M1'))",0.0,0.0,,1,0.0,9.900000000000002,0.01257911709342506,0.841886116991581,False,False,0,1
"('INTERNAL', ('B0 + x', '2*M0*x*y', 'M0 + y'))",0.0,0.0,,1,0.0,9.900000000000002,0.01257911709342506,0.841886116991581,False,False,0,1
"('INTERNAL', ('B0 + x', '2*M0*x*y', 'B1 + M0'))",0.0,0.0,,1,0.0,9.900000000000002,0.01257911709342506,0.841886116991581,False,False,0,1
"('INTERNAL', ('B0 + x', '2*M0*x*y', 'M0 + M1 + M2'))",0.0,0.0,,1,0.0,9.900000000000002,0.01257911709342506,0.841886116991581,False,False,0,1
"('INTERNAL', ('B0 + x', '2*M0*x*y', 'M0 - M1 + M2'))",0.0,0.0,,1,0.0,9.900000000000002,0.01257911709342506,0.841886116991581,False,False,0,1
"('INTERNAL', ('B0 + x', '2*M0*x*y', 'M0*M1 + M2'))",0.0,0.0,,1,0.0,9.900000000000002,0.01257911709342506,0.841886116991581,False,False,0,1
"('INTERNAL', ('B0 + x', '2*x**2*y', 'M0 + y'))",0.0,0.0,,1,0.0,9.900000000000002,0.01257911709342506,0.841886116991581,False,False,0,1
"('INTERNAL', ('B0 + x', '2*x**2*y', 'B1 + M0'))",0.0,0.0,,1,0.0,9.900000000000002,0.01257911709342506,0.841886116991581,False,False,0,1
"('INTERNAL', ('B0 + x', '2*x**2*y', 'M0 - M1 + M2'))",0.0,0.0,,1,0.0,9.900000000000002,0.01257911709342506,0.841886116991581,False,False,0,1
"('INTERNAL', ('B0 + x', '2*x**2*y', 'M0*M1 + M2'))",0.0,0.0,,1,0.0,9.900000000000002,0.01257911709342506,0.841886116991581,False,False,0,1
"('INTERNAL', ('B0 + x', '2*x**2*y', 'B1 + M0 + M1'))",0.0,0.0,,1,0.0,9.900000000000002,0.01257911709342506,0.841886116991581,False,False,0,1
"('INTERNAL', ('B0 + x', '2*x**2*y', 'M0 + M1 + M2 + M3'))",0.0,0.0,,1,0.0,9.900000000000002,0.01257911709342506,0.841886116991581,False,False,0,1
"('INTERNAL', ('B0 + x', '2*x**2*y', 'M0 - M1 + M2 + M3'))",0.0,0.0,,1,0.0,9.900000000000002,0.01257911709342506,0.841886116991581,False,False,0,1
"('INTERNAL', ('B0 + x', '2*x**2*y', 'M0*M1 + M2 + M3'))",0.0,0.0,,1,0.0,9.900000000000002,0.01257911709342506,0.841886116991581,False,False,0,1
"('INTERNAL', ('B0 + x', '2*x**2*y', 'M0 + 2*y'))",0.0,0.0,,1,0.0,9.900000000000002,0.01257911709342506,0.841886116991581,False,False,0,1
"('INTERNAL', ('B0 + x', '2*x**2*y', 'B1 + M0 + y'))",0.0,0.0,,1,0.0,9.900000000000002,0.01257911709342506,0.841886116991581,False,False,0,1
"('INTERNAL', ('B0 + x', '2*x**2*y', 'M0 - M1 + M2 + y'))",0.0,0.0,,1,0.0,9.900000000000002,0.01257911709342506,0.841886116991581,False,False,0,1
"('INTERNAL', ('B0 + x', '2*x**2*y', 'M0*M1 + M2 + y'))",0.0,0.0,,1,0.0,9.900000000000002,0.01257911709342506,0.841886116991581,False,False,0,1
"('INTERNAL', ('B0 + x', '2*x**2*y', 'B1 + M0 + M1 + y'))",0.0,0.0,,1,0.0,9.900000000000002,0.01257911709342506,0.841886116991581,False,False,0,1
"('INTERNAL', ('B0 + x', '2*x**2*y', 'M0 + M1 + M2 + M3 + y'))",0.0,0.0,,1,0.0,9.900000000000002,0.01257911709342506,0.841886116991581,False,False,0,1
"('INTERNAL', ('B0 + x', '2*x**2*y', 'M0 - M1 + M2 + M3 + y'))",0.0,0.0,,1,0.0,9.900000000000002,0.01257911709342506,0.841886116991581,False,False,0,1
"('INTERNAL', ('B0 + x', '2*x**2*y', 'M0*M1 + M2 + M3 + y'))",0.0,0.0,,1,0.0,9.900000000000002,0.01257911709342506,0.841886116991581,False,False,0,1
"('INTERNAL', ('B0 + x', '2*x**2*y', 'M0 + 3*y'))",0.0,0.0,,1,0.0,9.900000000000002,0.01257911709342506,0.841886116991581,False,False,0,1
"('INTERNAL', ('B0 + x', '2*x**2*y', 'M0 + M1 + M2 + 2*y'))",0.0,0.0,,1,0.0,9.900000000000002,0.01257911709342506,0.841886116991581,False,False,0,1
"('INTERNAL', ('B0 + x', '2*x**2*y', 'M0 - M1 + M2 + 2*y'))",0.0,0.0,,1,0.0,9.900000000000002,0.01257911709342506,0.841886116991581,False,False,0,1
"('INTERNAL', ('B0 + x', '2*x**2*y', 'M0*y + M1 + 2*y'))",0.0,0.0,,1,0.0,9.900000000000002,0.01257911709342506,0.841886116991581,False,False,0,1
"('TERMINAL', ('B0 + x', '2*x**2*y', 'B1 + B2*y'))",0.0,0.0,,1,0.0,9.900000000000002,0.01257911709342506,0.841886116991581,True,False,0,1
"('INTERNAL', ('x', 'y', 'M0'))",0.0,0.0,,1,0.0,9.900000000000002,0.01257911709342506,0.841886116991581,False,False,0,1
"('INTERNAL', ('B0', 'y', 'M0'))",0.0,0.0,,1,0.0,9.900000000000002,0.01257911709342506,0.841886116991581,True,True,0,1
"('INTERNAL', ('M0*M1', 'y', 'M0'))",0.0,0.0,,1,0.0,9.900000000000002,0.01257911709342506,0.841886116991581,False,False,0,1
"('INTERNAL', ('M0', 'y', 'y'))",0.0,0.0,,1,0.0,9.900000000000002,0.01257911709342506,0.841886116991581,False,False,0,1
"('INTERNAL', ('M0', 'y', 'B0'))",0.0,0.0,,1,0.0,9.900000000000002,0.01257911709342506,0.841886116991581,True,True,0,1
"('INTERNAL', ('M0', 'y', 'M0 + M1'))",0.0,0.0,,1,0.0,9.900000000000002,0.01257911709342506,0.841886116991581,False,False,0,1
"('INTERNAL', ('M0', 'y', 'M0 - M1'))",0.0,0.0,,1,0.0,9.900000000000002,0.01257911709342506,0.841886116991581,False,False,0,1
"('INTERNAL', ('M0', 'y', 'M0*M1'))",0.0,0.0,,1,0.0,9.900000000000002,0.01257911709342506,0.841886116991581,False,False,0,1
"('INTERNAL', ('M0 + x', 'y', 'M0'))",0.0,0.0,,1,0.0,9.900000000000002,0.01257911709342506,0.841886116991581,False,False,0,1
"('INTERNAL', ('B0 + M0', 'y', 'M0'))",0.0,0.0,,1,0.0,9.900000000000002,0.01257911709342506,0.841886116991581,False,False,0,1
"('INTERNAL', ('M0 + M1 + M2', 'y', 'M0'))",0.0,0.0,,1,0.0,9.900000000000002,0.01257911709342506,0.841886116991581,False,False,0,1
"('INTERNAL', ('M0 - M1 + M2', 'y', 'M0'))",0.0,0.0,,1,0.0,9.900000000000002,0.01257911709342506,0.841886116991581,False,False,0,1
"('INTERNAL', ('M0*M1 + M2', 'y', 'M0'))",0.0,0.0,,1,0.0,9.900000000000002,0.01257911709342506,0.841886116991581,False,False,0,1
"('INTERNAL', ('M0 + M1', 'y', 'y'))",0.0,0.0,,1,0.0,9.900000000000002,0.01257911709342506,0.841886116991581,False,False,0,1
"('INTERNAL', ('M0 + M1', 'y', 'B0'))",0.0,0.0,,1,0.0,9.900000000000002,0.01257911709342506,0.841886116991581,True,True,0,1
"('INTERNAL', ('M0 + M1', 'y', 'M0 - M1'))",0.0,0.0,,1,0.0,9.900000000000002,0.01257911709342506,0.841886116991581,False,False,0,1
"('INTERNAL', ('M0 + M1', 'y', 'M0*M1'))",0.0,0.0,,1,0.0,9.900000000000002,0.01257911709342506,0.841886116991581,False,False,0,1
"('INTERNAL', ('M0 + x', 'y', 'M0 + M1'))",0.0,0.0,,1,0.0,9.900000000000002,0.01257911709342506,0.841886116991581,False,False,0,1
"('INTERNAL', ('M0 + M1 + M2', 'y', 'M0 + M1'))",0.0,0.0,,1,0.0,9.900000000000002,0.01257911709342506,0.841886116991581,False,False,0,1
"('INTERNAL', ('M0 - M1 + M2', 'y', 'M0 + M1'))",0.0,0.0,,1,0.0,9.900000000000002,0.01257911709342506,0.841886116991581,False,False,0,1
"('INTERNAL', ('M0*M1 + M2', 'y', 'M0 + M1'))",0.0,0.0,,1,0.0,9.900000000000002,0.01257911709342506,0.841886116991581,False,False,0,1
"('INTERNAL', ('M0 + M1', 'y', 'M0 + y'))",0.0,0.0,,1,0.0,9.900000000000002,0.01257911709342506,0.841886116991581,False,False,0,1
"('INTERNAL', ('M0 + M1', 'y', 'B0 + M0'))",0.0,0.0,,1,0.0,9.900000000000002,0.01257911709342506,0.841886116991581,False,False,0,1
"('INTERNAL', ('M0 + M1', 'y', 'M0 + M1 + M2'))",0.0,0.0,,1,0.0,9.900000000000002,0.01257911709342506,0.841886116991581,False,False,0,1
"('INTERNAL', ('M0 + M1', 'y', 'M0 - M1 + M2'))",0.0,0.0,,1,0.0,9.900000000000002,0.01257911709342506,0.841886116991581,False,False,0,1
"('INTERNAL', ('M0 + M1', 'y', 'M0*M1 + M2'))",0.0,0.0,,1,0.0,9.900000000000002,0.01257911709342506,0.841886116991581,False,False,0,1
"('INTERNAL', ('B0 + x', 'y', 'M0 + M1'))",0.0,0.0,,1,0.0,9.900000000000002,0.01257911709342506,0.841886116991581,False,False,0,1
"('INTERNAL', ('B0', 'y', 'M0 + M1'))",0.0,0.0,,1,0.0,9.900000000000002,0.01257911709342506,0.841886116991581,True,True,0,1
"('INTERNAL', ('B0 + M0 + M1', 'y', 'M0 + M1'))",0.0,0.0,,1,0.0,9.900000000000002,0.01257911709342506,0.841886116991581,False,False,0,1
"('INTERNAL', ('B0 + M0 - M1', 'y', 'M0 + M1'))",0.0,0.0,,1,0.0,9.900000000000002,0.01257911709342506,0.841886116991581,False,False,0,1
"('INTERNAL', ('B0 + M0*M1', 'y', 'M0 + M1'))",0.0,0.0,,1,0.0,9.900000000000002,0.01257911709342506,0.841886116991581,False,False,0,1
"('INTERNAL', ('B0 + M0', 'y', 'M0 + y'))",0.0,0.0,,1,0.0,9.900000000000002,0.01257911709342506,0.841886116991581,False,False,0,1
"('INTERNAL', ('B0 + M0', 'y', 'B1 + M0'))",0.0,0.0,,1,0.0,9.900000000000002,0.01257911709342506,0.841886116991581,False,False,0,1
"('INTERNAL', ('B0 + M0', 'y', 'M0 + M1 + M2'))",0.0,0.0,,1,0.0,9.900000000000002,0.01257911709342506,0.841886116991581,False,False,0,1
"('INTERNAL', ('B0 + M0', 'y', 'M0 - M1 + M2'))",0.0,0.0,,1,0.0,9.900000000000002,0.01257911709342506,0.841886116991581,False,False,0,1
"('INTERNAL', ('B0 + x', 'y', 'M0*M1 + M2'))",0.0,0.0,,1,0.0,9.900000000000002,0.01257911709342506,0.841886116991581,False,False,0,1
"('INTERNAL', ('B0', 'y', 'M0*M1 + M2'))",0.0,0.0,,1,0.0,9.900000000000002,0.01257911709342506,0.841886116991581,True,True,0,1
"('INTERNAL', ('B0 + M0 + M1', 'y', 'M0*M1 + M2'))",0.0,0.0,,1,0.0,9.900000000000002,0.01257911709342506,0.841886116991581,False,False,0,1
"('INTERNAL', ('B0 + M0 - M1', 'y', 'M0*M1 + M2'))",0.0,0.0,,1,0.0,9.900000000000002,0.01257911709342506,0.841886116991581,False,False,0,1
"('INTERNAL', ('B0 + M0*M1', 'y', 'M0*M1 + M2'))",0.0,0.0,,1,0.0,9.900000000000002,0.01257911709342506,0.841886116991581,False,False,0,1
"('INTERNAL', ('B0 + M0', 'y', 'M0*y + M1'))",0.0,0.0,,1,0.0,9.900000000000002,0.01257911709342506,0.841886116991581,False,False,0,1
"('INTERNAL', ('B0 + M0', 'y', 'B1*M0 + M1'))",0.0,0.0,,1,0.0,9.900000000000002,0.01257911709342506,0.841886116991581,False,False,0,1
"('INTERNAL', ('B0 + M0', 'y', 'M0*M2 + M1*M2 + M3'))",0.0,0.0,,1,0.0,9.900000000000002,0.01257911709342506,0.841886116991581,False,False,0,1
"('INTERNAL', ('B0 + M0', 'y', 'M0*M2 - M1*M2 + M3'))",0.0,0.0,,1,0.0,9.900000000000002,0.01257911709342506,0.841886116991581,False,False,0,1
"('INTERNAL', ('B0 + x', 'y', 'M0*M1*M2 + M3'))",0.0,0.0,,1,0.0,9.900000000000002,0.01257911709342506,0.841886116991581,False,False,0,1
"('INTERNAL', ('B0', 'y', 'M0*M1*M2 + M3'))",0.0,0.0,,1,0.0,9.900000000000002,0.01257911709342506,0.841886116991581,True,True,0,1
"('INTERNAL', ('B0 + M0 + M1', 'y', 'M0*M1*M2 + M3'))",0.0,0.0,,1,0.0,9.900000000000002,0.01257911709342506,0.841886116991581,False,False,0,1
"('INTERNAL', ('B0 + M0 - M1', 'y', 'M0*M1*M2 + M3'))",0.0,0.0,,1,0.0,9.900000000000002,0.01257911709342506,0.841886116991581,False,False,0,1
"('INTERNAL', ('B0 + M0*M1', 'y', 'M0*M1*M2 + M3'))",0.0,0.0,,1,0.0,9.900000000000002,0.01257911709342506,0.841886116991581,False,False,0,1
"('INTERNAL', ('B0 + M0', 'y', 'M0*M1*y + M2'))",0.0,0.0,,1,0.0,9.900000000000002,0.01257911709342506,0.841886116991581,False,False,0,1
"('INTERNAL', ('B0 + M0', 'y', 'M0*M2*M3 + M1*M2*M3 + M4'))",0.0,0.0,,1,0.0,9.900000000000002,0.01257911709342506,0.841886116991581,False,False,0,1
"('INTERNAL', ('B0 + M0', 'y', 'M0*M1*M2*M3 + M4'))",0.0,0.0,,1,0.0,9.900000000000002,0.01257911709342506,0.841886116991581,False,False,0,1
"('INTERNAL', ('B0 + x', 'y', 'M0*M2*M3 - M1*M2*M3 + M4'))",0.0,0.0,,1,0.0,9.900000000000002,0.01257911709342506,0.841886116991581,False,False,0,1
"('INTERNAL', ('B0', 'y', 'M0*M2*M3 - M1*M2*M3 + M4'))",0.0,0.0,,1,0.0,9.900000000000002,0.01257911709342506,0.841886116991581,True,True,0,1
"('INTERNAL', ('B0 + M0 + M1', 'y', 'M0*M2*M3 - M1*M2*M3 + M4'))",0.0,0.0,,1,0.0,9.900000000000002,0.01257911709342506,0.841886116991581,False,False,0,1
"('INTERNAL', ('B0 + M0 - M1', 'y', 'M0*M2*M3 - M1*M2*M3 + M4'))",0.0,0.0,,1,0.0,9.900000000000002,0.01257911709342506,0.841886116991581,False,False,0,1
"('INTERNAL', ('B0 + M0*M1', 'y', 'M0*M2*M3 - M1*M2*M3 + M4'))",0.0,0.0,,1,0.0,9.900000000000002,0.01257911709342506,0.841886116991581,False,False,0,1
"('INTERNAL', ('B0 + M0', 'y', '-M0*M1*M2 + M1*M2*y + M3'))",0.0,0.0,,1,0.0,9.900000000000002,0.01257911709342506,0.841886116991581,False,False,0,1
"('INTERNAL', ('B0 + M0', 'y', 'M0*M3*M4 + M1*M3*M4 - M2*M3*M4 + M5'))",0.0,0.0,,1,0.0,9.900000000000002,0.01257911709342506,0.841886116991581,False,False,0,1
"('INTERNAL', ('B0 + M0', 'y', 'M0*M3*M4 - M1*M3*M4 - M2*M3*M4 + M5'))",0.0,0.0,,1,0.0,9.900000000000002,0.01257911709342506,0.841886116991581,False,False,0,1
"('INTERNAL', ('B0 + M0', 'y', 'M0*M1*M3*M4 - M2*M3*M4 + M5'))",0.0,0.0,,1,0.0,9.900000000000002,0.01257911709342506,0.841886116991581,False,False,0,1
"('INTERNAL', ('B0 + x', 'y', 'B1*M1*M2 - M0*M1*M2 + M3'))",0.0,0.0,,1,0.0,9.900000000000002,0.01257911709342506,0.841886116991581,False,False,0,1
"('INTERNAL', ('B0 + M0 + M1', 'y', 'B1*M1*M2 - M0*M1*M2 + M3'))",0.0,0.0,,1,0.0,9.900000000000002,0.01257911709342506,0.841886116991581,False,False,0,1
"('INTERNAL', ('B0 + M0 - M1', 'y', 'B1*M1*M2 - M0*M1*M2 + M3'))",0.0,0.0,,1,0.0,9.900000000000002,0.01257911709342506,0.841886116991581,False,False,0,1
"('INTERNAL', ('B0 + M0*M1', 'y', 'B1*M1*M2 - M0*M1*M2 + M3'))",0.0,0.0,,1,0.0,9.900000000000002,0.01257911709342506,0.841886116991581,False,False,0,1
"('INTERNAL', ('B0 + M0', 'y', 'B1*M0*M1 - M0*M1*y + M2'))",0.0,0.0,,1,0.0,9.900000000000002,0.01257911709342506,0.841886116991581,False,False,0,1
"('INTERNAL', ('B0 + M0', 'y', 'B1*M2*M3 - M0*M2*M3 - M1*M2*M3 + M4'))",0.0,0.0,,1,0.0,9.900000000000002,0.01257911709342506,0.841886116991581,False,False,0,1
"('INTERNAL', ('B0 + M0', 'y', 'B1*M2*M3 - M0*M2*M3 + M1*M2*M3 + M4'))",0.0,0.0,,1,0.0,9.900000000000002,0.01257911709342506,0.841886116991581,False,False,0,1
"('INTERNAL', ('B0 + M0', 'y', 'B1*M2*M3 - M0*M1*M2*M3 + M4'))",0.0,0.0,,1,0.0,9.900000000000002,0.01257911709342506,0.841886116991581,False,False,0,1
"('INTERNAL', ('-M0 + x', 'M0', 'M0'))",0.0,0.0,,1,0.0,9.900000000000002,0.01257911709342506,0.841886116991581,False,False,0,1
"('INTERNAL', ('B0 - M0', 'M0', 'M0'))",0.0,0.0,,1,0.0,9.900000000000002,0.01257911709342506,0.841886116991581,False,False,0,1
"('INTERNAL', ('M0 + M1 - M2', 'M0', 'M0'))",0.0,0.0,,1,0.0,9.900000000000002,0.01257911709342506,0.841886116991581,False,False,0,1
"('INTERNAL', ('M0 - M1 - M2', 'M0', 'M0'))",0.0,0.0,,1,0.0,9.900000000000002,0.01257911709342506,0.841886116991581,False,False,0,1
"('INTERNAL', ('M0*M1 - M2', 'M0', 'M0'))",0.0,0.0,,1,0.0,9.900000000000002,0.01257911709342506,0.841886116991581,False,False,0,1
"('INTERNAL', ('M0 - M1', 'B0', 'M0'))",0.0,0.0,,1,0.0,9.900000000000002,0.01257911709342506,0.841886116991581,True,True,0,1
"('INTERNAL', ('M0 - M1', 'M0 + M1', 'M0'))",0.0,0.0,,1,0.0,9.900000000000002,0.01257911709342506,0.841886116991581,False,False,0,1
"('INTERNAL', ('M0 - M1', 'M0 - M1', 'M0'))",0.0,0.0,,1,0.0,9.900000000000002,0.01257911709342506,0.841886116991581,False,False,0,1
"('INTERNAL', ('M0 - M1', 'M0', 'y'))",0.0,0.0,,1,0.0,9.900000000000002,0.01257911709342506,0.841886116991581,False,False,0,1
"('INTERNAL', ('M0 - M1', 'M0', 'B0'))",0.0,0.0,,1,0.0,9.900000000000002,0.01257911709342506,0.841886116991581,True,True,0,1
"('INTERNAL', ('M0 - M1', 'M0', 'M0 + M1'))",0.0,0.0,,1,0.0,9.900000000000002,0.01257911709342506,0.841886116991581,False,False,0,1
"('INTERNAL', ('M0 - M1', 'M0', 'M0 - M1'))",0.0,0.0,,1,0.0,9.900000000000002,0.01257911709342506,0.841886116991581,False,False,0,1
"('INTERNAL', ('-M0 + x', 'M0', 'M0*M1'))",0.0,0.0,,1,0.0,9.900000000000002,0.01257911709342506,0.841886116991581,False,False,0,1
"('INTERNAL', ('B0 - M0', 'M0', 'M0*M1'))",0.0,0.0,,1,0.0,9.900000000000002,0.01257911709342506,0.841886116991581,False,False,0,1
"('INTERNAL', ('M0 - M1 - M2', 'M0', 'M0*M1'))",0.0,0.0,,1,0.0,9.900000000000002,0.01257911709342506,0.841886116991581,False,False,0,1
"('INTERNAL', ('M0*M1 - M2', 'M0', 'M0*M1'))",0.0,0.0,,1,0.0,9.900000000000002,0.01257911709342506,0.841886116991581,False,False,0,1
"('INTERNAL', ('M0 - M1', 'x', 'M0*M1'))",0.0,0.0,,1,0.0,9.900000000000002,0.01257911709342506,0.841886116991581,False,False,0,1
"('INTERNAL', ('M0 - M1', 'y', 'M0*M1'))",0.0,0.0,,1,0.0,9.900000000000002,0.01257911709342506,0.841886116991581,False,False,0,1
"('INTERNAL', ('M0 - M1', 'B0', 'M0*M1'))",0.0,0.0,,1,0.0,9.900000000000002,0.01257911709342506,0.841886116991581,True,True,0,1
"('INTERNAL', ('M0 - M1', 'M0 + M1', 'M0*M1'))",0.0,0.0,,1,0.0,9.900000000000002,0.01257911709342506,0.841886116991581,False,False,0,1
"('INTERNAL', ('M0 - M1', 'M0 - M1', 'M0*M1'))",0.0,0.0,,1,0.0,9.900000000000002,0.01257911709342506,0.841886116991581,False,False,0,1
"('INTERNAL', ('M0 - M1', 'M0*M1', 'M0*M1'))",0.0,0.0,,1,0.0,9.900000000000002,0.01257911709342506,0.841886116991581,False,False,0,1
"('INTERNAL', ('M0 - M1', 'M0', 'M0*y'))",0.0,0.0,,1,0.0,9.900000000000002,0.01257911709342506,0.841886116991581,False,False,0,1
"('INTERNAL', ('M0 - M1', 'M0', 'B0*M0'))",0.0,0.0,,1,0.0,9.900000000000002,0.01257911709342506,0.841886116991581,False,False,0,1
"('INTERNAL', ('M0 - M1', 'M0', 'M0*M2 + M1*M2'))",0.0,0.0,,1,0.0,9.900000000000002,0.01257911709342506,0.841886116991581,False,False,0,1
"('INTERNAL', ('M0 - M1', 'M0', 'M0*M2 - M1*M2'))",0.0,0.0,,1,0.0,9.900000000000002,0.01257911709342506,0.841886116991581,False,False,0,1
"('INTERNAL', ('M0 - M1', 'M0', 'M0*M1*M2'))",0.0,0.0,,1,0.0,9.900000000000002,0.01257911709342506,0.841886116991581,False,False,0,1
"('INTERNAL', ('M0 - M1 + x', 'M0', 'M0*M1'))",0.0,0.0,,1,0.0,9.900000000000002,0.01257911709342506,0.841886116991581,False,False,0,1
"('INTERNAL', ('B0 + M0 - M1', 'M0', 'M0*M1'))",0.0,0.0,,1,0.0,9.900000000000002,0.01257911709342506,0.841886116991581,False,False,0,1
"('INTERNAL', ('M0 + M1 + M2 - M3', 'M0', 'M0*M1'))",0.0,0.0,,1,0.0,9.900000000000002,0.01257911709342506,0.841886116991581,False,False,0,1
"('INTERNAL', ('M0 - M1 + M2 - M3', 'M0', 'M0*M1'))",0.0,0.0,,1,0.0,9.900000000000002,0.01257911709342506,0.841886116991581,False,False,0,1
"('INTERNAL', ('M0*M1 + M2 - M3', 'M0', 'M0*M1'))",0.0,0.0,,1,0.0,9.900000000000002,0.01257911709342506,0.841886116991581,False,False,0,1
"('INTERNAL', ('M0 + M1 - M2', 'x', 'M0*M1'))",0.0,0.0,,1,0.0,9.900000000000002,0.01257911709342506,0.841886116991581,False,False,0,1
"('INTERNAL', ('M0 + M1 - M2', 'y', 'M0*M1'))",0.0,0.0,,1,0.0,9.900000000000002,0.01257911709342506,0.841886116991581,False,False,0,1
"('INTERNAL', ('M0 + M1 - M2', 'B0', 'M0*M1'))",0.0,0.0,,1,0.0,9.900000000000002,0.01257911709342506,0.841886116991581,True,True,0,1
"('INTERNAL', ('M0 + M1 - M2', 'M0 + M1', 'M0*M1'))",0.0,0.0,,1,0.0,9.900000000000002,0.01257911709342506,0.841886116991581,False,False,0,1
"('INTERNAL', ('M0 + M1 - M2', 'M0 - M1', 'M0*M1'))",0.0,0.0,,1,0.0,9.900000000000002,0.01257911709342506,0.841886116991581,False,False,0,1
"('INTERNAL', ('M0 + M1 - M2', 'M0*M1', 'M0*M1'))",0.0,0.0,,1,0.0,9.900000000000002,0.01257911709342506,0.841886116991581,False,False,0,1
"('INTERNAL', ('M0 + M1 - M2', 'M0', 'M0*y'))",0.0,0.0,,1,0.0,9.900000000000002,0.01257911709342506,0.841886116991581,False,False,0,1
"('INTERNAL', ('M0 + M1 - M2', 'M0', 'B0*M0'))",0.0,0.0,,1,0.0,9.900000000000002,0.01257911709342506,0.841886116991581,False,False,0,1
"('INTERNAL', ('M0 + M1 - M2', 'M0', 'M0*M2 + M1*M2'))",0.0,0.0,,1,0.0,9.900000000000002,0.01257911709342506,0.841886116991581,False,False,0,1
"('INTERNAL', ('M0 + M1 - M2', 'M0', 'M0*M1*M2'))",0.0,0.0,,1,0.0,9.900000000000002,0.01257911709342506,0.841886116991581,False,False,0,1
"('INTERNAL', ('M0 - M1 + x', 'M0', 'M0*M2 - M1*M2'))",0.0,0.0,,1,0.0,9.900000000000002,0.01257911709342506,0.841886116991581,False,False,0,1
"('INTERNAL', ('M0 + M1 + M2 - M3', 'M0', 'M0*M2 - M1*M2'))",0.0,0.0,,1,0.0,9.900000000000002,0.01257911709342506,0.841886116991581,False,False,0,1
"('INTERNAL', ('M0 - M1 + M2 - M3', 'M0', 'M0*M2 - M1*M2'))",0.0,0.0,,1,0.0,9.900000000000002,0.01257911709342506,0.841886116991581,False,False,0,1
"('INTERNAL', ('M0*M1 + M2 - M3', 'M0', 'M0*M2 - M1*M2'))",0.0,0.0,,1,0.0,9.900000000000002,0.01257911709342506,0.841886116991581,False,False,0,1
"('INTERNAL', ('M0 + M1 - M2', 'x', 'M0*M2 - M1*M2'))",0.0,0.0,,1,0.0,9.900000000000002,0.01257911709342506,0.841886116991581,False,False,0,1
"('INTERNAL', ('M0 + M1 - M2', 'y', 'M0*M2 - M1*M2'))",0.0,0.0,,1,0.0,9.900000000000002,0.01257911709342506,0.841886116991581,False,False,0,1
"('INTERNAL', ('M0 + M1 - M2', 'B0', 'M0*M2 - M1*M2'))",0.0,0.0,,1,0.0,9.900000000000002,0.01257911709342506,0.841886116991581,True,True,0,1
"('INTERNAL', ('M0 + M1 - M2', 'M0 + M1', 'M0*M2 - M1*M2'))",0.0,0.0,,1,0.0,9.900000000000002,0.01257911709342506,0.841886116991581,False,False,0,1
"('INTERNAL', ('M0 + M1 - M2', 'M0 - M1', 'M0*M2 - M1*M2'))",0.0,0.0,,1,0.0,9.900000000000002,0.01257911709342506,0.841886116991581,False,False,0,1
"('INTERNAL', ('M0 + M1 - M2', 'M0*M1', 'M0*M2 - M1*M2'))",0.0,0.0,,1,0.0,9.900000000000002,0.01257911709342506,0.841886116991581,False,False,0,1
"('INTERNAL', ('M0 + M1 - M2', 'M0', '-M0*M1 + M1*y'))",0.0,0.0,,1,0.0,9.900000000000002,0.01257911709342506,0.841886116991581,False,False,0,1
"('INTERNAL', ('M0 + M1 - M2', 'M0', 'B0*M1 - M0*M1'))",0.0,0.0,,1,0.0,9.900000000000002,0.01257911709342506,0.841886116991581,False,False,0,1
"('INTERNAL', ('M0 + M1 - M2', 'M0', 'M0*M3 + M1*M3 - M2*M3'))",0.0,0.0,,1,0.0,9.900000000000002,0.01257911709342506,0.841886116991581,False,False,0,1
"('INTERNAL', ('M0 + M1 - M2', 'M0', 'M0*M3 - M1*M3 - M2*M3'))",0.0,0.0,,1,0.0,9.900000000000002,0.01257911709342506,0.841886116991581,False,False,0,1
"('INTERNAL', ('M0 + M1 - M2', 'M0', 'M0*M1*M3 - M2*M3'))",0.0,0.0,,1,0.0,9.900000000000002,0.01257911709342506,0.841886116991581,False,False,0,1
"('INTERNAL', ('B0 - M0 + x', 'M0', 'M0*M2 - M1*M2'))",0.0,0.0,,1,0.0,9.900000000000002,0.01257911709342506,0.841886116991581,False,False,0,1
"('INTERNAL', ('B0 - M0', 'M0', 'M0*M2 - M1*M2'))",0.0,0.0,,1,0.0,9.900000000000002,0.01257911709342506,0.841886116991581,False,False,0,1
"('INTERNAL', ('B0 + M0 + M1 - M2', 'M0', 'M0*M2 - M1*M2'))",0.0,0.0,,1,0.0,9.900000000000002,0.01257911709342506,0.841886116991581,False,False,0,1
"('INTERNAL', ('B0 + M0 - M1 - M2', 'M0', 'M0*M2 - M1*M2'))",0.0,0.0,,1,0.0,9.900000000000002,0.01257911709342506,0.841886116991581,False,False,0,1
"('INTERNAL', ('B0 + M0*M1 - M2', 'M0', 'M0*M2 - M1*M2'))",0.0,0.0,,1,0.0,9.900000000000002,0.01257911709342506,0.841886116991581,False,False,0,1
"('INTERNAL', ('B0 + M0 - M1', 'x', 'M0*M2 - M1*M2'))",0.0,0.0,,1,0.0,9.900000000000002,0.01257911709342506,0.841886116991581,False,False,0,1
"('INTERNAL', ('B0 + M0 - M1', 'y', 'M0*M2 - M1*M2'))",0.0,0.0,,1,0.0,9.900000000000002,0.01257911709342506,0.841886116991581,False,False,0,1
"('INTERNAL', ('B0 + M0 - M1', 'B1', 'M0*M2 - M1*M2'))",0.0,0.0,,1,0.0,9.900000000000002,0.01257911709342506,0.841886116991581,True,True,0,1
"('INTERNAL', ('B0 + M0 - M1', 'M0 + M1', 'M0*M2 - M1*M2'))",0.0,0.0,,1,0.0,9.900000000000002,0.01257911709342506,0.841886116991581,False,False,0,1
"('INTERNAL', ('B0 + M0 - M1', 'M0 - M1', 'M0*M2 - M1*M2'))",0.0,0.0,,1,0.0,9.900000000000002,0.01257911709342506,0.841886116991581,False,False,0,1
"('INTERNAL', ('B0 + M0 - M1', 'M0', '-M0*M1 + M1*y'))",0.0,0.0,,1,0.0,9.900000000000002,0.01257911709342506,0.841886116991581,False,False,0,1
"('INTERNAL', ('B0 + M0 - M1', 'M0', 'B1*M1 - M0*M1'))",0.0,0.0,,1,0.0,9.900000000000002,0.01257911709342506,0.841886116991581,False,False,0,1
"('INTERNAL', ('B0 + M0 - M1', 'M0', 'M0*M3 + M1*M3 - M2*M3'))",0.0,0.0,,1,0.0,9.900000000000002,0.01257911709342506,0.841886116991581,False,False,0,1
"('INTERNAL', ('B0 + M0 - M1', 'M0', 'M0*M3 - M1*M3 - M2*M3'))",0.0,0.0,,1,0.0,9.900000000000002,0.01257911709342506,0.841886116991581,False,False,0,1
"('INTERNAL', ('B0 + M0 - M1', 'M0', 'M0*M1*M3 - M2*M3'))",0.0,0.0,,1,0.0,9.900000000000002,0.01257911709342506,0.841886116991581,False,False,0,1
"('INTERNAL', ('B0 - M0 + x', 'M0*M1', 'M0*M2 - M1*M2'))",0.0,0.0,,1,0.0,9.900000000000002,0.01257911709342506,0.841886116991581,False,False,0,1
"('INTERNAL', ('B0 - M0', 'M0*M1', 'M0*M2 - M1*M2'))",0.0,0.0,,1,0.0,9.900000000000002,0.01257911709342506,0.841886116991581,False,False,0,1
"('INTERNAL', ('B0 + M0 + M1 - M2', 'M0*M1', 'M0*M2 - M1*M2'))",0.0,0.0,,1,0.0,9.900000000000002,0.01257911709342506,0.841886116991581,False,False,0,1
"('INTERNAL', ('B0 + M0 - M1 - M2', 'M0*M1', 'M0*M2 - M1*M2'))",0.0,0.0,,1,0.0,9.900000000000002,0.01257911709342506,0.841886116991581,False,False,0,1
"('INTERNAL', ('B0 + M0*M1 - M2', 'M0*M1', 'M0*M2 - M1*M2'))",0.0,0.0,,1,0.0,9.900000000000002,0.01257911709342506,0.841886116991581,False,False,0,1
"('INTERNAL', ('B0 + M0 - M1', 'M0*y', 'M0*M2 - M1*M2'))",0.0,0.0,,1,0.0,9.900000000000002,0.01257911709342506,0.841886116991581,False,False,0,1
"('INTERNAL', ('B0 + M0 - M1', 'B1*M0', 'M0*M2 - M1*M2'))",0.0,0.0,,1,0.0,9.900000000000002,0.01257911709342506,0.841886116991581,False,False,0,1
"('INTERNAL', ('B0 + M0 - M1', 'M0*M2 + M1*M2', 'M0*M2 - M1*M2'))",0.0,0.0,,1,0.0,9.900000000000002,0.01257911709342506,0.841886116991581,False,False,0,1
"('INTERNAL', ('B0 + M0 - M1', 'M0*M2 - M1*M2', 'M0*M2 - M1*M2'))",0.0,0.0,,1,0.0,9.900000000000002,0.01257911709342506,0.841886116991581,False,False,0,1
"('INTERNAL', ('B0 + M0 - M1', 'M0*M1*M2', 'M0*M2 - M1*M2'))",0.0,0.0,,1,0.0,9.900000000000002,0.01257911709342506,0.841886116991581,False,False,0,1
"('INTERNAL', ('B0 + M0 - M1', 'M0*M1', '-M0*M1 + M1*y'))",0.0,0.0,,1,0.0,9.900000000000002,0.01257911709342506,0.841886116991581,False,False,0,1
"('INTERNAL', ('B0 + M0 - M1', 'M0*M1', 'B1*M1 - M0*M1'))",0.0,0.0,,1,0.0,9.900000000000002,0.01257911709342506,0.841886116991581,False,False,0,1
"('INTERNAL', ('B0 + M0 - M1', 'M0*M1', 'M0*M3 + M1*M3 - M2*M3'))",0.0,0.0,,1,0.0,9.900000000000002,0.01257911709342506,0.841886116991581,False,False,0,1
"('INTERNAL', ('B0 + M0 - M1', 'M0*M1', 'M0*M3 - M1*M3 - M2*M3'))",0.0,0.0,,1,0.0,9.900000000000002,0.01257911709342506,0.841886116991581,False,False,0,1
"('INTERNAL', ('B0 + M0 - M1', 'M0*M1', 'M0*M1*M3 - M2*M3'))",0.0,0.0,,1,0.0,9.900000000000002,0.01257911709342506,0.841886116991581,False,False,0,1
"('INTERNAL', ('B0 - M0 + x', 'M0*x', 'M0*M2 - M1*M2'))",0.0,0.0,,1,0.0,9.900000000000002,0.01257911709342506,0.841886116991581,False,False,0,1
"('INTERNAL', ('B0 + M0 + M1 - M2', 'M0*x', 'M0*M2 - M1*M2'))",0.0,0.0,,1,0.0,9.900000000000002,0.01257911709342506,0.841886116991581,False,False,0,1
"('INTERNAL', ('B0 + M0 - M1 - M2', 'M0*x', 'M0*M2 - M1*M2'))",0.0,0.0,,1,0.0,9.900000000000002,0.01257911709342506,0.841886116991581,False,False,0,1
"('INTERNAL', ('B0 + M0*M1 - M2', 'M0*x', 'M0*M2 - M1*M2'))",0.0,0.0,,1,0.0,9.900000000000002,0.01257911709342506,0.841886116991581,False,False,0,1
"('INTERNAL', ('B0 + M0 - M1', 'x**2', 'M0*M2 - M1*M2'))",0.0,0.0,,1,0.0,9.900000000000002,0.01257911709342506,0.841886116991581,False,False,0,1
"('INTERNAL', ('B0 + M0 - M1', 'x*y', 'M0*M2 - M1*M2'))",0.0,0.0,,1,0.0,9.900000000000002,0.01257911709342506,0.841886116991581,False,False,0,1
"('INTERNAL', ('B0 + M0 - M1', 'B1*x', 'M0*M2 - M1*M2'))",0.0,0.0,,1,0.0,9.900000000000002,0.01257911709342506,0.841886116991581,False,False,0,1
"('INTERNAL', ('B0 + M0 - M1', 'M0*x + M1*x', 'M0*M2 - M1*M2'))",0.0,0.0,,1,0.0,9.900000000000002,0.01257911709342506,0.841886116991581,False,False,0,1
"('INTERNAL', ('B0 + M0 - M1', 'M0*x - M1*x', 'M0*M2 - M1*M2'))",0.0,0.0,,1,0.0,9.900000000000002,0.01257911709342506,0.841886116991581,False,False,0,1
"('INTERNAL', ('B0 + M0 - M1', 'M0*M1*x', 'M0*M2 - M1*M2'))",0.0,0.0,,1,0.0,9.900000000000002,0.01257911709342506,0.841886116991581,False,False,0,1
"('INTERNAL', ('B0 + M0 - M1', 'M0*x', '-M0*M1 + M1*y'))",0.0,0.0,,1,0.0,9.900000000000002,0.01257911709342506,0.841886116991581,False,False,0,1
"('INTERNAL', ('B0 + M0 - M1', 'M0*x', 'B1*M1 - M0*M1'))",0.0,0.0,,1,0.0,9.900000000000002,0.01257911709342506,0.841886116991581,False,False,0,1
"('INTERNAL', ('B0 + M0 - M1', 'M0*x', 'M0*M3 + M1*M3 - M2*M3'))",0.0,0.0,,1,0.0,9.900000000000002,0.01257911709342506,0.841886116991581,False,False,0,1
"('INTERNAL', ('B0 + M0 - M1', 'M0*x', 'M0*M3 - M1*M3 - M2*M3'))",0.0,0.0,,1,0.0,9.900000000000002,0.01257911709342506,0.841886116991581,False,False,0,1
"('INTERNAL', ('B0 - x', 'M0*x', 'M0*M2 - M1*M2'))",0.0,0.0,,1,0.0,9.900000000000002,0.01257911709342506,0.841886116991581,False,False,0,1
"('INTERNAL', ('B0', 'M0*x', 'M0*M2 - M1*M2'))",0.0,0.0,,1,0.0,9.900000000000002,0.01257911709342506,0.841886116991581,True,True,0,1
"('INTERNAL', ('B0 - M0 - M1', 'M0*x', 'M0*M2 - M1*M2'))",0.0,0.0,,1,0.0,9.900000000000002,0.01257911709342506,0.841886116991581,False,False,0,1
"('INTERNAL', ('B0 - M0 + M1', 'M0*x', 'M0*M2 - M1*M2'))",0.0,0.0,,1,0.0,9.900000000000002,0.01257911709342506,0.841886116991581,False,False,0,1
"('INTERNAL', ('B0 - M0*M1', 'M0*x', 'M0*M2 - M1*M2'))",0.0,0.0,,1,0.0,9.900000000000002,0.01257911709342506,0.841886116991581,False,False,0,1
"('INTERNAL', ('B0 - M0', 'x**2', 'M0*M2 - M1*M2'))",0.0,0.0,,1,0.0,9.900000000000002,0.01257911709342506,0.841886116991581,False,False,0,1
"('INTERNAL', ('B0 - M0', 'x*y', 'M0*M2 - M1*M2'))",0.0,0.0,,1,0.0,9.900000000000002,0.01257911709342506,0.841886116991581,False,False,0,1
"('INTERNAL', ('B0 - M0', 'M0*x + M1*x', 'M0*M2 - M1*M2'))",0.0,0.0,,1,0.0,9.900000000000002,0.01257911709342506,0.841886116991581,False,False,0,1
"('INTERNAL', ('B0 - M0', 'M0*x - M1*x', 'M0*M2 - M1*M2'))",0.0,0.0,,1,0.0,9.900000000000002,0.01257911709342506,0.841886116991581,False,False,0,1
"('INTERNAL', ('B0 - M0', 'M0*M1*x', 'M0*M2 - M1*M2'))",0.0,0.0,,1,0.0,9.900000000000002,0.01257911709342506,0.841886116991581,False,False,0,1
"('INTERNAL', ('B0 - M0', 'M0*x', '-M0*M1 + M1*y'))",0.0,0.0,,1,0.0,9.900000000000002,0.01257911709342506,0.841886116991581,False,False,0,1
"('INTERNAL', ('B0 - M0', 'M0*x', 'B1*M1 - M0*M1'))",0.0,0.0,,1,0.0,9.900000000000002,0.01257911709342506,0.841886116991581,False,False,0,1
"('INTERNAL', ('B0 - M0', 'M0*x', 'M0*M3 + M1*M3 - M2*M3'))",0.0,0.0,,1,0.0,9.900000000000002,0.01257911709342506,0.841886116991581,False,False,0,1
"('INTERNAL', ('B0 - M0', 'M0*x', 'M0*M3 - M1*M3 - M2*M3'))",0.0,0.0,,1,0.0,9.900000000000002,0.01257911709342506,0.841886116991581,False,False,0,1
"('INTERNAL', ('B0 - M0', 'M0*x', 'M0*M1*M3 - M2*M3'))",0.0,0.0,,1,0.0,9.900000000000002,0.01257911709342506,0.841886116991581,False,False,0,1
"('INTERNAL', ('B0 - x', 'B1*x', 'M0*M2 - M1*M2'))",0.0,0.0,,1,0.0,9.900000000000002,0.01257911709342506,0.841886116991581,False,False,0,1
"('INTERNAL', ('B0', 'B1*x', 'M0*M2 - M1*M2'))",0.0,0.0,,1,0.0,9.900000000000002,0.01257911709342506,0.841886116991581,True,True,0,1
"('INTERNAL', ('B0 - M0 - M1', 'B1*x', 'M0*M2 - M1*M2'))",0.0,0.0,,1,0.0,9.900000000000002,0.01257911709342506,0.841886116991581,False,False,0,1
"('INTERNAL', ('B0 - M0 + M1', 'B1*x', 'M0*M2 - M1*M2'))",0.0,0.0,,1,0.0,9.900000000000002,0.01257911709342506,0.841886116991581,False,False,0,1
"('INTERNAL', ('B0 - M0*M1', 'B1*x', 'M0*M2 - M1*M2'))",0.0,0.0,,1,0.0,9.900000000000002,0.01257911709342506,0.841886116991581,False,False,0,1
"('INTERNAL', ('B0 - M0', 'B1*x', '-M0*M1 + M1*y'))",0.0,0.0,,1,0.0,9.900000000000002,0.01257911709342506,0.841886116991581,False,False,0,1
"('INTERNAL', ('B0 - M0', 'B1*x', 'M0*M3 + M1*M3 - M2*M3'))",0.0,0.0,,1,0.0,9.900000000000002,0.01257911709342506,0.841886116991581,False,False,0,1
"('INTERNAL', ('B0 - M0', 'B1*x', 'M0*M3 - M1*M3 - M2*M3'))",0.0,0.0,,1,0.0,9.900000000000002,0.01257911709342506,0.841886116991581,False,False,0,1
"('INTERNAL', ('B0 - M0', 'B1*x', 'M0*M1*M3 - M2*M3'))",0.0,0.0,,1,0.0,9.900000000000002,0.01257911709342506,0.841886116991581,False,False,0,1
"('INTERNAL', ('B0 - x', 'B1*x', 'B2*M1 - M0*M1'))",0.0,0.0,,1,0.0,9.900000000000002,0.01257911709342506,0.841886116991581,False,False,0,1
"('INTERNAL', ('B0', 'B1*x', 'B2*M1 - M0*M1'))",0.0,0.0,,1,0.0,9.900000000000002,0.01257911709342506,0.841886116991581,True,True,0,1
"('INTERNAL', ('B0 - M0 - M1', 'B1*x', 'B2*M1 - M0*M1'))",0.0,0.0,,1,0.0,9.900000000000002,0.01257911709342506,0.841886116991581,False,False,0,1
"('INTERNAL', ('B0 - M0 + M1', 'B1*x', 'B2*M1 - M0*M1'))",0.0,0.0,,1,0.0,9.900000000000002,0.01257911709342506,0.841886116991581,False,False,0,1
"('INTERNAL', ('B0 - M0*M1', 'B1*x', 'B2*M1 - M0*M1'))",0.0,0.0,,1,0.0,9.900000000000002,0.01257911709342506,0.841886116991581,False,False,0,1
"('INTERNAL', ('B0 - M0', 'B1*x', 'B2*M0 - M0*y'))",0.0,0.0,,1,0.0,9.900000000000002,0.01257911709342506,0.841886116991581,False,False,0,1
"('INTERNAL', ('B0 - M0', 'B1*x', 'B2*M2 - M0*M2 - M1*M2'))",0.0,0.0,,1,0.0,9.900000000000002,0.01257911709342506,0.841886116991581,False,False,0,1
"('INTERNAL', ('B0 - M0', 'B1*x', 'B2*M2 - M0*M2 + M1*M2'))",0.0,0.0,,1,0.0,9.900000000000002,0.01257911709342506,0.841886116991581,False,False,0,1
"('INTERNAL', ('B0 - x', 'B1*x', 'B2*M2 - M0*M1*M2'))",0.0,0.0,,1,0.0,9.900000000000002,0.01257911709342506,0.841886116991581,False,False,0,1
"('INTERNAL', ('B0', 'B1*x', 'B2*M2 - M0*M1*M2'))",0.0,0.0,,1,0.0,9.900000000000002,0.01257911709342506,0.841886116991581,True,True,0,1
"('INTERNAL', ('B0 - M0 - M1', 'B1*x', 'B2*M2 - M0*M1*M2'))",0.0,0.0,,1,0.0,9.900000000000002,0.01257911709342506,0.841886116991581,False,False,0,1
"('INTERNAL', ('B0 - M0 + M1', 'B1*x', 'B2*M2 - M0*M1*M2'))",0.0,0.0,,1,0.0,9.900000000000002,0.01257911709342506,0.841886116991581,False,False,0,1
"('INTERNAL', ('B0 - M0*M1', 'B1*x', 'B2*M2 - M0*M1*M2'))",0.0,0.0,,1,0.0,9.900000000000002,0.01257911709342506,0.841886116991581,False,False,0,1
"('INTERNAL', ('B0 - M0', 'B1*x', 'B2*M1 - M0*M1*y'))",0.0,0.0,,1,0.0,9.900000000000002,0.01257911709342506,0.841886116991581,False,False,0,1
"('INTERNAL', ('B0 - M0', 'B1*x', 'B2*M3 - M0*M2*M3 - M1*M2*M3'))",0.0,0.0,,1,0.0,9.900000000000002,0.01257911709342506,0.841886116991581,False,False,0,1
"('INTERNAL', ('B0 - M0', 'B1*x', 'B2*M3 - M0*M2*M3 + M1*M2*M3'))",0.0,0.0,,1,0.0,9.900000000000002,0.01257911709342506,0.841886116991581,False,False,0,1
"('INTERNAL', ('B0 - M0', 'B1*x', 'B2*M3 - M0*M1*M2*M3'))",0.0,0.0,,1,0.0,9.900000000000002,0.01257911709342506,0.841886116991581,False,False,0,1
"('INTERNAL', ('B0 - x', 'B1*x', 'B2*M1 + B3*M0*M1'))",0.0,0.0,,1,0.0,9.900000000000002,0.01257911709342506,0.841886116991581,False,False,0,1
"('INTERNAL', ('B0', 'B1*x', 'B2*M1 + B3*M0*M1'))",0.0,0.0,,1,0.0,9.900000000000002,0.01257911709342506,0.841886116991581,True,True,0,1
"('INTERNAL', ('B0 - M0 - M1', 'B1*x', 'B2*M1 + B3*M0*M1'))",0.0,0.0,,1,0.0,9.900000000000002,0.01257911709342506,0.841886116991581,False,False,0,1
"('INTERNAL', ('B0 - M0 + M1', 'B1*x', 'B2*M1 + B3*M0*M1'))",0.0,0.0,,1,0.0,9.900000000000002,0.01257911709342506,0.841886116991581,False,False,0,1
"('INTERNAL', ('B0 - M0*M1', 'B1*x', 'B2*M1 + B3*M0*M1'))",0.0,0.0,,1,0.0,9.900000000000002,0.01257911709342506,0.841886116991581,False,False,0,1
"('INTERNAL', ('B0 - M0', 'B1*x', 'B2*M2 + B3*M0*M2 + B3*M1*M2'))",0.0,0.0,,1,0.0,9.900000000000002,0.01257911709342506,0.841886116991581,False,False,0,1
"('INTERNAL', ('B0 - M0', 'B1*x', 'B2*M2 + B3*M0*M2 + B4*M1*M2'))",0.0,0.0,,1,0.0,9.900000000000002,0.01257911709342506,0.841886116991581,False,False,0,1
"('INTERNAL', ('B0 - M0', 'B1*x', 'B2*M2 + B3*M0*M1*M2'))",0.0,0.0,,1,0.0,9.900000000000002,0.01257911709342506,0.841886116991581,False,False,0,1
"('INTERNAL', ('B0 - x', 'B1*x', 'B2*M0 + B3*M0*y'))",0.0,0.0,,1,0.0,9.900000000000002,0.01257911709342506,0.841886116991581,False,False,0,1
"('INTERNAL', ('B0 - M0 - M1', 'B1*x', 'B2*M0 + B3*M0*y'))",0.0,0.0,,1,0.0,9.900000000000002,0.01257911709342506,0.841886116991581,False,False,0,1
"('INTERNAL', ('B0 - M0 + M1', 'B1*x', 'B2*M0 + B3*M0*y'))",0.0,0.0,,1,0.0,9.900000000000002,0.01257911709342506,0.841886116991581,False,False,0,1
"('INTERNAL', ('B0 - M0*M1', 'B1*x', 'B2*M0 + B3*M0*y'))",0.0,0.0,,1,0.0,9.900000000000002,0.01257911709342506,0.841886116991581,False,False,0,1
"('INTERNAL', ('B0 - M0', 'B1*x', 'B2*y + B3*y**2'))",0.0,0.0,,1,0.0,9.900000000000002,0.01257911709342506,0.841886116991581,False,False,0,1
"('INTERNAL', ('B0 - M0', 'B1*x', 'B2 + B3*y'))",0.0,0.0,,1,0.0,9.900000000000002,0.01257911709342506,0.841886116991581,False,False,0,1
"('INTERNAL', ('x', 'x', 'M0'))",0.0,0.0,,1,0.0,9.900000000000002,0.01257911709342506,0.841886116991581,False,False,0,1
"('INTERNAL', ('B0', 'x', 'M0'))",0.0,0.0,,1,0.0,9.900000000000002,0.01257911709342506,0.841886116991581,True,True,0,1
"('INTERNAL', ('M0 + M1', 'x', 'M0'))",0.0,0.0,,1,0.0,9.900000000000002,0.01257911709342506,0.841886116991581,False,False,0,1
"('INTERNAL', ('M0*M1', 'x', 'M0'))",0.0,0.0,,1,0.0,9.900000000000002,0.01257911709342506,0.841886116991581,False,False,0,1
"('INTERNAL', ('M0', 'x', 'y'))",0.0,0.0,,1,0.0,9.900000000000002,0.01257911709342506,0.841886116991581,False,False,0,1
"('INTERNAL', ('M0', 'x', 'M0 + M1'))",0.0,0.0,,1,0.0,9.900000000000002,0.01257911709342506,0.841886116991581,False,False,0,1
"('INTERNAL', ('M0', 'x', 'M0 - M1'))",0.0,0.0,,1,0.0,9.900000000000002,0.01257911709342506,0.841886116991581,False,False,0,1
"('INTERNAL', ('M0', 'x', 'M0*M1'))",0.0,0.0,,1,0.0,9.900000000000002,0.01257911709342506,0.841886116991581,False,False,0,1
"('INTERNAL', ('M0', 'M0', 'M0'))",0.0,0.0,,0,0.05812001116865495,9.751886116991583,0.0,1.0,False,False,16,0
